age,job,marital,education,default,housing,loan,contact,month,day_of_week,duration,campaign,pdays,previous,poutcome,emp.var.rate,cons.price.idx,cons.conf.idx,euribor3m,nr.employed,age_group,prediccion,probabilidad_exito
30,student,single,professional.course,no,yes,no,cellular,sep,tue,282,2,6,1,success,-1.1,94.199,-37.5,0.88,4963.6,Joven,1,0.7476091011661121
31,blue-collar,married,unknown,unknown,no,no,cellular,jul,tue,1608,13,999,0,nonexistent,1.4,93.918,-42.7,4.961,5228.1,Adulto,1,0.8980423259092941
56,management,married,basic.6y,no,yes,no,cellular,jun,tue,910,1,7,2,success,-1.7,94.055,-39.8,0.723,4991.6,Maduro,1,0.9748763559516151
38,admin.,single,university.degree,no,yes,yes,cellular,aug,mon,1504,2,999,0,nonexistent,1.4,93.444,-36.1,4.965,5228.1,Adulto,1,0.9063916007690817
37,admin.,single,university.degree,no,no,no,cellular,oct,fri,416,2,999,0,nonexistent,-3.4,92.431,-26.9,0.72,5017.5,Adulto,1,0.5897070798551999
25,blue-collar,single,basic.9y,no,no,no,cellular,mar,thu,456,2,10,2,success,-1.8,93.369,-34.8,0.654,5008.7,Joven,1,0.9262449031079102
36,admin.,single,university.degree,no,yes,no,cellular,oct,wed,113,1,2,2,success,-3.4,92.431,-26.9,0.742,5017.5,Adulto,1,0.6212686262643268
35,technician,divorced,basic.4y,no,yes,no,cellular,nov,tue,514,1,9,4,success,-1.1,94.767,-50.8,1.035,4963.6,Adulto,1,0.841677418248558
24,admin.,single,university.degree,no,no,no,cellular,sep,tue,106,1,3,1,success,-3.4,92.379,-29.8,0.77,5017.5,Joven,1,0.676278268656979
39,technician,divorced,high.school,no,no,no,cellular,mar,mon,174,1,3,1,success,-1.8,93.369,-34.8,0.639,5008.7,Adulto,1,0.7758112506200843
28,admin.,single,high.school,no,no,no,cellular,mar,fri,347,2,999,0,nonexistent,-1.8,92.843,-50.0,1.531,5099.1,Joven,1,0.5790622867329546
59,housemaid,married,basic.4y,no,no,no,telephone,oct,tue,2187,1,999,0,nonexistent,-3.4,92.431,-26.9,0.737,5017.5,Maduro,1,0.9996565913492332
27,services,single,high.school,no,no,no,cellular,jul,fri,700,5,6,2,success,-1.7,94.215,-40.3,0.896,4991.6,Joven,1,0.9708777357501729
34,blue-collar,married,basic.6y,no,yes,no,telephone,may,mon,1622,2,999,0,nonexistent,1.1,93.994,-36.4,4.858,5191.0,Adulto,1,0.9035103478452685
58,admin.,married,basic.4y,unknown,no,no,cellular,may,fri,901,1,999,0,nonexistent,-1.8,92.893,-46.2,1.25,5099.1,Maduro,1,0.5264301811301861
34,housemaid,married,university.degree,no,no,no,cellular,aug,thu,485,3,4,1,success,-2.9,92.201,-31.4,0.873,5076.2,Adulto,1,0.837120022182117
55,retired,married,basic.4y,no,no,no,cellular,jun,tue,553,2,3,4,failure,-2.9,92.963,-40.8,1.262,5076.2,Maduro,1,0.755485657444214
66,housemaid,divorced,basic.4y,no,yes,no,cellular,mar,thu,201,1,3,2,success,-1.8,93.369,-34.8,0.635,5008.7,Senior,1,0.8446587995179559
27,admin.,single,university.degree,no,yes,no,cellular,mar,wed,210,1,6,2,success,-1.8,93.369,-34.8,0.634,5008.7,Joven,1,0.8816535944543953
62,management,divorced,high.school,no,no,no,cellular,aug,mon,405,1,999,0,nonexistent,-2.9,92.201,-31.4,0.861,5076.2,Senior,1,0.5018451571775789
35,admin.,married,university.degree,no,yes,no,cellular,aug,fri,419,5,3,2,success,-2.9,92.201,-31.4,0.849,5076.2,Adulto,1,0.7735885947555087
34,unemployed,single,university.degree,no,no,no,cellular,aug,wed,484,1,999,0,nonexistent,-2.9,92.201,-31.4,0.854,5076.2,Adulto,1,0.5907756215509072
26,admin.,single,high.school,no,no,no,cellular,aug,wed,431,4,999,0,nonexistent,-2.9,92.201,-31.4,0.854,5076.2,Joven,1,0.5422315376274273
42,technician,married,professional.course,no,yes,yes,cellular,oct,mon,509,1,6,1,success,-1.1,94.601,-49.5,1.0,4963.6,Adulto,1,0.8890521795090652
30,student,single,university.degree,no,yes,no,telephone,jun,wed,1062,4,999,0,nonexistent,1.4,94.465,-41.8,4.962,5228.1,Joven,1,0.7017886433807438
28,admin.,single,university.degree,no,no,no,cellular,mar,thu,189,1,999,0,nonexistent,-1.8,93.369,-34.8,0.635,5008.7,Joven,1,0.5909577300143752
32,admin.,single,university.degree,no,yes,no,telephone,jun,tue,1162,2,999,0,nonexistent,1.4,94.465,-41.8,4.961,5228.1,Adulto,1,0.705507352099865
26,admin.,single,university.degree,no,no,no,telephone,oct,wed,541,1,999,2,failure,-1.1,94.601,-49.5,0.959,4963.6,Joven,1,0.5440531997019064
56,retired,married,basic.4y,no,no,no,cellular,dec,thu,429,1,999,0,nonexistent,-3.0,92.713,-33.0,0.714,5023.5,Maduro,1,0.6208116220531004
35,technician,single,high.school,unknown,no,no,cellular,aug,fri,1258,1,999,0,nonexistent,1.4,93.444,-36.1,4.964,5228.1,Adulto,1,0.7030633656979651
54,management,divorced,university.degree,no,yes,no,cellular,oct,thu,234,2,6,1,success,-3.4,92.431,-26.9,0.741,5017.5,Maduro,1,0.733494037877188
35,technician,married,professional.course,no,yes,yes,cellular,oct,wed,608,1,9,2,failure,-1.1,94.601,-49.5,0.959,4963.6,Adulto,1,0.8555781603470358
31,admin.,married,university.degree,no,yes,no,cellular,oct,thu,760,1,999,0,nonexistent,-3.4,92.431,-26.9,0.754,5017.5,Adulto,1,0.8848103326352216
29,technician,married,professional.course,no,yes,no,cellular,aug,thu,965,2,999,0,nonexistent,1.4,93.444,-36.1,4.962,5228.1,Joven,1,0.5045852964431731
22,student,single,high.school,no,yes,yes,cellular,may,mon,1370,3,999,0,nonexistent,-1.8,92.893,-46.2,1.354,5099.1,Joven,1,0.9435172779860017
29,admin.,single,high.school,no,no,no,cellular,jul,tue,319,1,999,0,nonexistent,-1.7,94.215,-40.3,0.797,4991.6,Joven,1,0.6206100521908999
34,admin.,single,university.degree,no,no,yes,cellular,aug,tue,543,1,999,1,failure,-2.9,92.201,-31.4,0.859,5076.2,Adulto,1,0.5207822251892459
36,admin.,single,high.school,no,yes,no,cellular,oct,mon,113,1,6,1,success,-3.4,92.431,-26.9,0.739,5017.5,Adulto,1,0.5379996363643665
28,admin.,single,high.school,no,no,no,telephone,oct,wed,958,1,999,0,nonexistent,-3.4,92.431,-26.9,0.742,5017.5,Joven,1,0.9264569490350529
57,retired,divorced,basic.9y,no,no,no,cellular,jul,fri,897,3,999,0,nonexistent,-2.9,92.469,-33.6,1.059,5076.2,Maduro,1,0.8802934788713263
41,blue-collar,married,basic.9y,unknown,yes,no,cellular,apr,fri,1038,2,999,0,nonexistent,-1.8,93.075,-47.1,1.405,5099.1,Adulto,1,0.7742263790685248
58,admin.,married,university.degree,no,yes,no,cellular,may,mon,1359,3,999,1,failure,-1.8,92.893,-46.2,1.244,5099.1,Maduro,1,0.8896241059988281
44,admin.,married,university.degree,no,yes,no,cellular,sep,thu,331,1,999,0,nonexistent,-3.4,92.379,-29.8,0.809,5017.5,Adulto,1,0.503389654510113
27,student,single,high.school,no,no,yes,cellular,jul,wed,537,2,999,1,failure,-2.9,92.469,-33.6,1.029,5076.2,Joven,1,0.5680216777163907
40,unemployed,divorced,university.degree,no,yes,no,cellular,jul,wed,1373,2,999,0,nonexistent,1.4,93.918,-42.7,4.963,5228.1,Adulto,1,0.8834949580434658
24,student,single,unknown,no,yes,yes,cellular,aug,fri,744,1,3,2,success,-2.9,92.201,-31.4,0.849,5076.2,Joven,1,0.9635825360601621
31,admin.,single,university.degree,no,no,no,cellular,oct,thu,334,1,999,0,nonexistent,-3.4,92.431,-26.9,0.733,5017.5,Adulto,1,0.504893411170253
29,admin.,single,university.degree,no,yes,no,cellular,apr,wed,513,1,5,2,success,-1.8,93.075,-47.1,1.498,5099.1,Joven,1,0.8009615554933903
59,blue-collar,married,basic.4y,no,no,no,cellular,apr,mon,1397,3,999,1,failure,-1.8,93.749,-34.6,0.642,5008.7,Maduro,1,0.9772004470631832
59,retired,married,basic.9y,unknown,no,no,cellular,jul,fri,1330,3,999,0,nonexistent,1.4,93.918,-42.7,4.962,5228.1,Maduro,1,0.8012055621809152
40,technician,married,professional.course,no,yes,no,cellular,may,wed,248,1,3,4,success,-1.8,93.876,-40.0,0.682,5008.7,Adulto,1,0.562436851641063
35,technician,single,professional.course,no,yes,no,cellular,jul,tue,577,6,6,1,success,-1.7,94.215,-40.3,0.835,4991.6,Adulto,1,0.9450198712319006
48,unemployed,married,university.degree,no,yes,no,cellular,mar,mon,195,2,999,0,nonexistent,-1.8,93.369,-34.8,0.646,5008.7,Maduro,1,0.5090429049115051
38,admin.,married,high.school,no,yes,no,cellular,may,fri,1281,1,999,0,nonexistent,-1.8,92.893,-46.2,1.313,5099.1,Adulto,1,0.897123815970143
83,retired,married,unknown,no,yes,no,cellular,sep,fri,369,1,999,0,nonexistent,-3.4,92.379,-29.8,0.803,5017.5,Senior,1,0.6593380373065041
32,admin.,single,university.degree,no,yes,no,cellular,jul,thu,210,2,15,1,success,-1.7,94.215,-40.3,0.846,4991.6,Adulto,1,0.7887984936638146
30,student,single,high.school,no,no,no,cellular,aug,tue,592,3,999,1,failure,-1.7,94.027,-38.3,0.899,4991.6,Joven,1,0.8611736952079829
36,admin.,single,university.degree,no,no,no,cellular,jun,wed,706,1,7,1,success,-1.7,94.055,-39.8,0.739,4991.6,Adulto,1,0.9427271724856146
32,admin.,single,professional.course,no,yes,yes,cellular,may,thu,1046,1,999,0,nonexistent,-1.8,92.893,-46.2,1.327,5099.1,Adulto,1,0.749636965917554
53,admin.,divorced,high.school,no,yes,no,cellular,aug,tue,159,2,3,1,success,-2.9,92.201,-31.4,0.838,5076.2,Maduro,1,0.5285147126365921
50,self-employed,unknown,basic.6y,no,no,no,cellular,nov,wed,968,1,999,0,nonexistent,-0.1,93.2,-42.0,4.12,5195.8,Maduro,1,0.6245307259519375
21,student,single,high.school,no,no,no,cellular,oct,tue,701,2,999,0,nonexistent,-1.1,94.601,-49.5,1.037,4963.6,Joven,1,0.887509360694827
44,blue-collar,married,professional.course,no,yes,no,cellular,jun,fri,336,3,3,1,success,-2.9,92.963,-40.8,1.268,5076.2,Adulto,1,0.7088037355386976
65,retired,married,university.degree,no,no,no,cellular,nov,fri,226,1,3,3,success,-3.4,92.649,-30.1,0.714,5017.5,Senior,1,0.7594931335811376
34,technician,single,university.degree,no,yes,yes,cellular,jul,thu,1065,1,999,0,nonexistent,1.4,93.918,-42.7,4.963,5228.1,Adulto,1,0.6256573984168815
32,admin.,married,university.degree,no,no,yes,cellular,jun,thu,327,3,3,1,success,-2.9,92.963,-40.8,1.26,5076.2,Adulto,1,0.7578707731169916
31,admin.,single,high.school,no,yes,no,cellular,may,thu,1094,2,999,0,nonexistent,-1.8,92.893,-46.2,1.266,5099.1,Adulto,1,0.7740997584811374
45,unemployed,married,professional.course,unknown,no,no,telephone,sep,thu,1405,1,6,2,failure,-1.1,94.199,-37.5,0.879,4963.6,Adulto,1,0.9803520156447709
67,housemaid,divorced,professional.course,no,no,no,cellular,aug,thu,350,1,6,2,success,-1.7,94.027,-38.3,0.899,4991.6,Senior,1,0.928928518801229
21,student,single,university.degree,no,no,no,cellular,jun,fri,493,2,999,0,nonexistent,-2.9,92.963,-40.8,1.268,5076.2,Joven,1,0.7251180613265329
53,blue-collar,married,basic.6y,no,no,no,cellular,jun,thu,592,3,999,1,failure,-2.9,92.963,-40.8,1.26,5076.2,Maduro,1,0.6043547083253352
56,retired,married,basic.4y,no,no,no,cellular,mar,wed,181,2,9,2,failure,-1.8,93.369,-34.8,0.644,5008.7,Maduro,1,0.661299632755456
43,services,divorced,high.school,no,no,no,cellular,nov,wed,1015,1,999,0,nonexistent,-0.1,93.2,-42.0,4.12,5195.8,Adulto,1,0.5636786759329291
34,unemployed,single,professional.course,no,no,no,cellular,aug,fri,531,2,2,1,success,-2.9,92.201,-31.4,0.849,5076.2,Adulto,1,0.8603650164148131
56,admin.,divorced,university.degree,no,yes,no,cellular,may,mon,867,1,999,0,nonexistent,-1.8,92.893,-46.2,1.264,5099.1,Maduro,1,0.5729263752369754
30,blue-collar,married,high.school,unknown,yes,no,cellular,jul,mon,1153,3,999,0,nonexistent,1.4,93.918,-42.7,4.962,5228.1,Joven,1,0.5861346714658894
35,blue-collar,single,high.school,no,no,no,cellular,oct,fri,622,1,6,1,success,-3.4,92.431,-26.9,0.73,5017.5,Adulto,1,0.9244879473093142
42,blue-collar,married,basic.4y,no,no,no,cellular,apr,wed,1217,3,999,0,nonexistent,-1.8,93.075,-47.1,1.415,5099.1,Adulto,1,0.930124991479901
76,retired,married,basic.4y,no,yes,no,cellular,aug,thu,550,1,999,0,nonexistent,-2.9,92.201,-31.4,0.883,5076.2,Senior,1,0.7100381119117135
29,admin.,single,university.degree,no,no,yes,cellular,may,tue,527,2,3,1,success,-1.8,92.893,-46.2,1.266,5099.1,Joven,1,0.5980208800757175
47,blue-collar,married,basic.9y,no,yes,no,cellular,apr,thu,693,2,999,0,nonexistent,-1.8,93.075,-47.1,1.41,5099.1,Maduro,1,0.5055003337768476
61,retired,married,high.school,no,no,no,telephone,oct,tue,515,1,999,0,nonexistent,-3.4,92.431,-26.9,0.728,5017.5,Senior,1,0.6418445440356435
36,management,married,university.degree,no,no,no,cellular,jun,tue,522,1,6,2,success,-1.7,94.055,-39.8,0.737,4991.6,Adulto,1,0.8427834012107642
51,services,married,basic.6y,no,no,no,telephone,may,fri,1340,1,999,0,nonexistent,1.1,93.994,-36.4,4.859,5191.0,Maduro,1,0.7853453630685752
25,services,single,high.school,no,yes,no,cellular,jun,thu,239,2,3,1,success,-2.9,92.963,-40.8,1.26,5076.2,Joven,1,0.6860370903130492
43,admin.,married,university.degree,unknown,yes,no,cellular,aug,tue,1332,1,999,0,nonexistent,1.4,93.444,-36.1,4.968,5228.1,Adulto,1,0.7913352533964979
61,retired,married,university.degree,no,no,no,cellular,nov,mon,507,1,999,0,nonexistent,-1.1,94.767,-50.8,1.05,4963.6,Senior,1,0.7375694351611782
35,entrepreneur,married,university.degree,no,yes,yes,telephone,oct,mon,2429,1,999,0,nonexistent,-0.1,93.798,-40.4,5.0,5195.8,Adulto,1,0.999784193613517
39,admin.,married,high.school,no,no,no,cellular,aug,thu,315,2,4,1,success,-2.9,92.201,-31.4,0.873,5076.2,Adulto,1,0.6818130993047556
29,technician,single,professional.course,no,yes,no,cellular,jun,wed,226,2,6,1,success,-1.7,94.055,-39.8,0.704,4991.6,Joven,1,0.6490453373336764
53,admin.,divorced,university.degree,no,no,no,cellular,mar,thu,2486,1,999,0,nonexistent,-1.8,93.369,-34.8,0.654,5008.7,Maduro,1,0.9999855303574086
24,services,single,high.school,no,yes,no,cellular,apr,tue,850,2,999,0,nonexistent,-1.8,93.075,-47.1,1.423,5099.1,Joven,1,0.7633637382284135
30,blue-collar,married,basic.6y,no,no,yes,cellular,jul,wed,1152,2,999,0,nonexistent,1.4,93.918,-42.7,4.963,5228.1,Joven,1,0.7585620488045555
43,management,married,university.degree,no,yes,no,cellular,apr,mon,818,2,999,1,failure,-1.8,93.075,-47.1,1.405,5099.1,Adulto,1,0.5834640151050406
66,management,divorced,university.degree,no,no,no,cellular,sep,tue,679,1,1,1,success,-3.4,92.379,-29.8,0.788,5017.5,Senior,1,0.9723751059717015
30,management,married,university.degree,no,no,no,cellular,oct,wed,711,1,999,0,nonexistent,-1.1,94.601,-49.5,1.043,4963.6,Joven,1,0.900688915944012
33,blue-collar,single,basic.9y,unknown,no,no,cellular,may,thu,1075,1,999,1,failure,-1.8,92.893,-46.2,1.266,5099.1,Adulto,1,0.520639711397471
43,technician,married,high.school,no,yes,yes,cellular,sep,thu,167,1,3,2,success,-3.4,92.379,-29.8,0.809,5017.5,Adulto,1,0.6095786171245623
58,admin.,married,university.degree,no,yes,no,cellular,mar,mon,549,5,999,2,failure,-1.8,93.369,-34.8,0.646,5008.7,Maduro,1,0.7493258941432824
27,blue-collar,divorced,unknown,no,yes,no,telephone,may,fri,1408,2,999,0,nonexistent,1.1,93.994,-36.4,4.859,5191.0,Joven,1,0.8137034029875738
65,retired,married,basic.4y,no,yes,yes,cellular,oct,wed,190,1,3,3,success,-1.1,94.601,-49.5,0.985,4963.6,Senior,1,0.7525407388074773
36,management,single,university.degree,no,no,no,telephone,mar,wed,834,1,999,0,nonexistent,-1.8,93.369,-34.8,0.655,5008.7,Adulto,1,0.9328239032893434
34,services,married,basic.9y,no,no,no,cellular,jul,wed,604,1,999,0,nonexistent,-1.7,94.215,-40.3,0.84,4991.6,Adulto,1,0.8251742288608176
37,technician,single,university.degree,no,yes,no,cellular,aug,tue,481,2,999,4,failure,-1.7,94.027,-38.3,0.899,4991.6,Adulto,1,0.6928939054565347
37,blue-collar,divorced,basic.9y,no,yes,no,cellular,jul,thu,1150,4,999,0,nonexistent,1.4,93.918,-42.7,4.968,5228.1,Adulto,1,0.5843865271187282
50,technician,married,university.degree,no,yes,no,cellular,mar,fri,809,1,999,0,nonexistent,-1.8,93.369,-34.8,0.653,5008.7,Maduro,1,0.9603347931556014
37,unemployed,married,professional.course,no,yes,no,telephone,may,fri,3631,2,999,0,nonexistent,1.1,93.994,-36.4,4.864,5191.0,Adulto,1,0.9999932465654068
39,student,single,unknown,no,yes,no,cellular,jun,fri,474,3,999,0,nonexistent,-2.9,92.963,-40.8,1.224,5076.2,Adulto,1,0.6192971000917188
70,retired,divorced,university.degree,no,yes,no,cellular,sep,fri,692,1,999,0,nonexistent,-3.4,92.379,-29.8,0.741,5017.5,Senior,1,0.9048083283862977
27,services,married,university.degree,no,no,no,cellular,may,tue,752,2,3,1,success,-1.8,92.893,-46.2,1.266,5099.1,Joven,1,0.8054242162798347
43,services,married,high.school,no,yes,yes,cellular,jul,mon,1212,1,999,0,nonexistent,1.4,93.918,-42.7,4.96,5228.1,Adulto,1,0.6955606336059142
63,admin.,married,university.degree,no,yes,no,cellular,jul,fri,396,2,999,0,nonexistent,-1.7,94.215,-40.3,0.885,4991.6,Senior,1,0.7601057661085077
30,admin.,single,university.degree,no,yes,no,cellular,jun,wed,617,2,999,0,nonexistent,-2.9,92.963,-40.8,1.26,5076.2,Joven,1,0.8138736356673333
28,self-employed,married,basic.9y,no,yes,no,cellular,may,fri,1111,5,999,0,nonexistent,-1.8,92.893,-46.2,1.25,5099.1,Joven,1,0.7672832805334594
29,admin.,single,university.degree,no,yes,no,telephone,jun,wed,294,2,3,1,success,-1.7,94.055,-39.8,0.715,4991.6,Joven,1,0.5854184327917579
34,admin.,married,high.school,no,no,yes,cellular,may,wed,811,1,999,0,nonexistent,-1.8,92.893,-46.2,1.334,5099.1,Adulto,1,0.5165192236127685
35,technician,married,professional.course,no,no,no,cellular,aug,tue,441,1,999,0,nonexistent,-2.9,92.201,-31.4,0.859,5076.2,Adulto,1,0.5038160514260587
37,management,divorced,university.degree,no,yes,no,cellular,may,mon,1173,3,9,1,success,-1.8,92.893,-46.2,1.244,5099.1,Adulto,1,0.9534215637762073
31,technician,married,university.degree,no,no,no,cellular,sep,thu,244,1,3,1,success,-1.1,94.199,-37.5,0.878,4963.6,Adulto,1,0.6510153682110783
82,housemaid,married,basic.4y,no,no,no,telephone,sep,tue,279,3,3,2,success,-1.1,94.199,-37.5,0.877,4963.6,Senior,1,0.50930363541154
36,blue-collar,single,basic.6y,no,no,no,cellular,nov,tue,1556,4,999,0,nonexistent,-1.1,94.767,-50.8,1.046,4963.6,Adulto,1,0.9952734109287844
24,services,single,high.school,no,yes,no,cellular,jul,thu,860,2,9,2,failure,-1.7,94.215,-40.3,0.884,4991.6,Joven,1,0.9673847445478257
48,entrepreneur,married,basic.6y,no,no,no,cellular,may,wed,1369,3,999,0,nonexistent,-1.8,92.893,-46.2,1.334,5099.1,Maduro,1,0.9465780205272564
72,retired,married,basic.4y,no,yes,no,cellular,jul,fri,582,2,999,1,failure,-1.7,94.215,-40.3,0.822,4991.6,Senior,1,0.8111606740214464
37,admin.,single,university.degree,no,yes,no,cellular,oct,thu,447,3,999,0,nonexistent,-3.4,92.431,-26.9,0.754,5017.5,Adulto,1,0.6118831802964718
31,admin.,single,university.degree,no,yes,no,cellular,jul,wed,1327,2,999,0,nonexistent,1.4,93.918,-42.7,4.963,5228.1,Adulto,1,0.8725663202552766
28,admin.,single,university.degree,no,yes,no,cellular,mar,thu,370,1,9,1,success,-1.8,93.369,-34.8,0.643,5008.7,Joven,1,0.936729988699305
58,self-employed,married,university.degree,no,no,no,cellular,aug,tue,326,4,6,3,success,-1.7,94.027,-38.3,0.895,4991.6,Maduro,1,0.8813738766776117
43,services,single,high.school,no,no,no,cellular,jul,tue,1317,4,999,0,nonexistent,1.4,93.918,-42.7,4.961,5228.1,Adulto,1,0.8014591728019907
25,admin.,single,university.degree,no,no,yes,cellular,nov,mon,165,1,3,2,success,-3.4,92.649,-30.1,0.715,5017.5,Joven,1,0.6242500958268303
59,admin.,married,university.degree,no,no,yes,cellular,sep,wed,193,1,3,1,success,-1.1,94.199,-37.5,0.886,4963.6,Maduro,1,0.6377443738057325
45,management,married,university.degree,no,yes,no,cellular,jul,wed,817,2,999,0,nonexistent,-1.7,94.215,-40.3,0.84,4991.6,Adulto,1,0.942953040316542
70,retired,divorced,high.school,no,yes,no,telephone,may,wed,283,2,4,2,success,-1.8,93.876,-40.0,0.697,5008.7,Senior,1,0.5760330929780084
29,admin.,single,university.degree,no,yes,yes,cellular,aug,thu,254,3,3,1,success,-2.9,92.201,-31.4,0.873,5076.2,Joven,1,0.6894306298493287
42,management,married,university.degree,no,no,no,telephone,may,tue,1677,1,999,0,nonexistent,1.1,93.994,-36.4,4.857,5191.0,Adulto,1,0.9408422841893109
70,retired,married,unknown,no,no,no,telephone,mar,mon,174,2,7,2,success,-1.8,93.369,-34.8,0.639,5008.7,Senior,1,0.7473604270668824
37,technician,married,university.degree,no,yes,no,telephone,sep,tue,773,1,3,2,success,-3.4,92.379,-29.8,0.755,5017.5,Adulto,1,0.9455980391387097
33,blue-collar,married,basic.4y,no,no,no,cellular,may,mon,1388,2,999,0,nonexistent,-1.8,92.893,-46.2,1.299,5099.1,Adulto,1,0.9085967930729131
33,services,married,high.school,no,yes,no,cellular,apr,thu,900,2,999,2,failure,-1.8,93.075,-47.1,1.365,5099.1,Adulto,1,0.6377510809378406
31,blue-collar,married,basic.6y,no,yes,no,cellular,may,wed,1279,3,999,0,nonexistent,-1.8,92.893,-46.2,1.281,5099.1,Adulto,1,0.9037200926358099
34,admin.,married,university.degree,no,no,yes,cellular,dec,tue,196,2,6,2,success,-3.0,92.713,-33.0,0.707,5023.5,Adulto,1,0.6679686137217505
70,retired,married,basic.4y,no,no,no,cellular,mar,mon,422,3,999,1,failure,-1.8,92.843,-50.0,1.629,5099.1,Senior,1,0.5767952256709062
53,management,divorced,university.degree,no,no,yes,cellular,nov,fri,368,2,3,1,success,-3.4,92.649,-30.1,0.716,5017.5,Maduro,1,0.8090685144832318
83,retired,married,university.degree,no,yes,no,cellular,jul,tue,178,1,6,2,success,-1.7,94.215,-40.3,0.835,4991.6,Senior,1,0.8315616405710736
26,technician,single,university.degree,no,no,no,cellular,jul,fri,129,2,6,1,success,-1.7,94.215,-40.3,0.861,4991.6,Joven,1,0.7712414942577118
21,student,single,high.school,no,yes,no,cellular,aug,tue,326,2,999,1,failure,-1.7,94.027,-38.3,0.899,4991.6,Joven,1,0.648959130617518
27,admin.,single,university.degree,no,no,no,cellular,apr,tue,317,1,12,1,success,-1.8,93.749,-34.6,0.638,5008.7,Joven,1,0.7917471917187437
50,entrepreneur,married,university.degree,no,yes,no,cellular,jul,mon,1165,2,999,0,nonexistent,1.4,93.918,-42.7,4.96,5228.1,Maduro,1,0.6994946060121898
30,technician,single,professional.course,no,no,no,cellular,sep,tue,706,1,6,1,success,-1.1,94.199,-37.5,0.877,4963.6,Joven,1,0.9516095647936771
18,student,single,basic.9y,no,yes,no,cellular,dec,mon,446,2,999,0,nonexistent,-3.0,92.713,-33.0,0.715,5023.5,Joven,1,0.6362231960846003
29,services,single,high.school,no,yes,no,telephone,jun,thu,1018,3,999,0,nonexistent,1.4,94.465,-41.8,4.866,5228.1,Joven,1,0.5210934613691747
28,services,married,high.school,no,no,yes,cellular,jun,wed,479,2,6,2,success,-1.7,94.055,-39.8,0.715,4991.6,Joven,1,0.8267340804728502
40,admin.,married,high.school,no,no,no,cellular,oct,wed,524,3,999,1,failure,-3.4,92.431,-26.9,0.724,5017.5,Adulto,1,0.5841258584144484
39,admin.,married,university.degree,no,no,no,cellular,jun,wed,2219,1,999,1,failure,-2.9,92.963,-40.8,1.26,5076.2,Adulto,1,0.999780662376677
27,services,married,high.school,no,yes,no,cellular,may,wed,903,2,999,0,nonexistent,-1.8,92.893,-46.2,1.334,5099.1,Joven,1,0.6555883483532274
49,management,married,university.degree,no,no,no,cellular,apr,wed,1214,1,999,0,nonexistent,-1.8,93.075,-47.1,1.415,5099.1,Maduro,1,0.9589040863895035
26,admin.,single,university.degree,no,no,no,cellular,aug,tue,221,1,15,1,success,-2.9,92.201,-31.4,0.883,5076.2,Joven,1,0.6868455426929257
63,admin.,married,university.degree,no,yes,no,cellular,oct,thu,174,2,6,1,success,-1.1,94.601,-49.5,0.987,4963.6,Senior,1,0.7512001406693467
30,blue-collar,single,professional.course,no,no,no,cellular,aug,wed,293,1,9,1,success,-1.7,94.027,-38.3,0.9,4991.6,Joven,1,0.9046277519088132
28,student,single,high.school,no,yes,no,cellular,jun,fri,577,3,999,0,nonexistent,-2.9,92.963,-40.8,1.268,5076.2,Joven,1,0.7573405403711589
31,management,married,university.degree,no,yes,no,cellular,jul,mon,1397,3,999,0,nonexistent,1.4,93.918,-42.7,4.962,5228.1,Adulto,1,0.8725512560643763
57,blue-collar,married,high.school,no,yes,yes,cellular,apr,mon,2316,1,999,0,nonexistent,-1.8,93.075,-47.1,1.466,5099.1,Maduro,1,0.999563127208489
79,retired,married,basic.4y,no,no,yes,cellular,nov,tue,301,2,3,1,success,-3.4,92.649,-30.1,0.715,5017.5,Senior,1,0.7963650821730685
46,blue-collar,married,basic.9y,no,no,no,cellular,aug,wed,1044,2,999,0,nonexistent,1.4,93.444,-36.1,4.967,5228.1,Maduro,1,0.5113194529530412
46,blue-collar,married,professional.course,unknown,no,no,telephone,jun,wed,1138,1,999,0,nonexistent,1.4,94.465,-41.8,4.864,5228.1,Maduro,1,0.6044712825653249
32,admin.,married,university.degree,no,yes,no,cellular,aug,wed,1842,1,999,0,nonexistent,1.4,93.444,-36.1,4.965,5228.1,Adulto,1,0.9857208627549836
28,technician,single,professional.course,no,yes,no,cellular,apr,thu,824,1,999,2,failure,-1.8,93.075,-47.1,1.483,5099.1,Joven,1,0.6641273130643237
30,technician,married,professional.course,no,yes,yes,cellular,oct,thu,1707,2,999,0,nonexistent,-3.4,92.431,-26.9,0.722,5017.5,Joven,1,0.9986392784924669
44,entrepreneur,married,university.degree,no,yes,no,cellular,nov,mon,1210,2,999,1,failure,-0.1,93.2,-42.0,4.191,5195.8,Adulto,1,0.6315355872540845
34,admin.,single,university.degree,no,yes,yes,cellular,mar,tue,301,1,3,2,success,-1.8,93.369,-34.8,0.652,5008.7,Adulto,1,0.8846492620567674
26,technician,single,professional.course,no,no,yes,cellular,nov,wed,358,1,9,2,failure,-3.4,92.649,-30.1,0.719,5017.5,Joven,1,0.6534352907638851
24,unknown,single,university.degree,no,yes,yes,cellular,jun,tue,696,1,999,2,failure,-2.9,92.963,-40.8,1.262,5076.2,Joven,1,0.7580798947976524
46,unknown,single,unknown,unknown,yes,no,cellular,dec,mon,1472,1,6,1,success,-3.0,92.713,-33.0,0.706,5023.5,Maduro,1,0.9985045105919879
29,admin.,single,high.school,no,yes,no,cellular,jul,thu,480,1,6,1,success,-1.7,94.215,-40.3,0.81,4991.6,Joven,1,0.9376136793871163
42,admin.,married,university.degree,no,yes,no,cellular,aug,tue,576,1,4,1,success,-2.9,92.201,-31.4,0.884,5076.2,Adulto,1,0.8997299358824843
50,admin.,married,university.degree,no,yes,no,cellular,aug,wed,1149,5,999,0,nonexistent,1.4,93.444,-36.1,4.965,5228.1,Maduro,1,0.7084939430040872
51,blue-collar,married,basic.4y,no,no,yes,cellular,jun,mon,325,1,3,1,success,-1.7,94.055,-39.8,0.754,4991.6,Maduro,1,0.6013573563158405
35,technician,single,professional.course,no,yes,no,cellular,jul,tue,360,1,11,2,success,-1.7,94.215,-40.3,0.835,4991.6,Adulto,1,0.8711377379463048
58,self-employed,married,university.degree,no,no,no,cellular,nov,wed,1092,1,999,0,nonexistent,-3.4,92.649,-30.1,0.716,5017.5,Maduro,1,0.9709240279678542
31,technician,married,university.degree,no,no,no,telephone,may,fri,1106,3,999,0,nonexistent,1.1,93.994,-36.4,4.859,5191.0,Adulto,1,0.5106207911489041
49,admin.,married,high.school,no,no,no,cellular,sep,tue,495,1,3,1,success,-3.4,92.379,-29.8,0.788,5017.5,Maduro,1,0.9081514213447953
29,management,married,university.degree,no,no,no,telephone,jun,wed,973,1,999,0,nonexistent,1.4,94.465,-41.8,4.962,5228.1,Joven,1,0.5883209177169645
61,retired,married,high.school,no,yes,no,cellular,apr,tue,930,4,999,0,nonexistent,-1.8,93.749,-34.6,0.642,5008.7,Senior,1,0.9421342474977331
50,admin.,married,university.degree,no,yes,no,cellular,jul,thu,567,5,999,0,nonexistent,-2.9,92.469,-33.6,1.072,5076.2,Maduro,1,0.6235712481797686
23,services,single,high.school,no,unknown,unknown,cellular,jul,wed,1300,3,999,0,nonexistent,1.4,93.918,-42.7,4.963,5228.1,Joven,1,0.8505417488571355
30,entrepreneur,single,university.degree,no,yes,no,cellular,apr,thu,666,1,999,0,nonexistent,-1.8,93.075,-47.1,1.365,5099.1,Joven,1,0.5934716980536158
44,technician,married,university.degree,no,no,no,cellular,jun,wed,874,2,999,1,failure,-1.7,94.055,-39.8,0.715,4991.6,Adulto,1,0.8282348494328362
58,self-employed,married,university.degree,no,no,no,cellular,aug,fri,1242,3,999,0,nonexistent,1.4,93.444,-36.1,4.966,5228.1,Maduro,1,0.7547372058291809
33,technician,married,professional.course,no,no,yes,cellular,apr,thu,667,1,999,0,nonexistent,-1.8,93.075,-47.1,1.41,5099.1,Adulto,1,0.5499350822567947
41,blue-collar,divorced,basic.4y,unknown,yes,no,telephone,may,mon,1575,1,999,0,nonexistent,1.1,93.994,-36.4,4.857,5191.0,Adulto,1,0.8116613023315695
31,student,single,unknown,no,yes,no,cellular,aug,thu,306,2,999,0,nonexistent,-1.7,94.027,-38.3,0.904,4991.6,Adulto,1,0.6964492608959536
34,admin.,single,university.degree,no,no,no,cellular,sep,fri,260,3,3,2,success,-3.4,92.379,-29.8,0.773,5017.5,Adulto,1,0.7421956480351943
51,blue-collar,married,basic.4y,no,no,yes,telephone,may,fri,1187,4,999,0,nonexistent,1.1,93.994,-36.4,4.859,5191.0,Maduro,1,0.5131793949323856
69,retired,married,basic.4y,no,no,no,cellular,sep,mon,258,3,6,1,success,-1.1,94.199,-37.5,0.879,4963.6,Senior,1,0.6936520970326775
33,admin.,married,university.degree,no,no,no,cellular,jul,thu,1018,1,999,0,nonexistent,1.4,93.918,-42.7,4.958,5228.1,Adulto,1,0.585018170998658
30,technician,unknown,university.degree,no,no,no,cellular,oct,fri,131,2,16,1,success,-1.1,94.601,-49.5,0.942,4963.6,Joven,1,0.7083264100658837
45,admin.,married,university.degree,no,no,no,cellular,aug,thu,323,1,999,0,nonexistent,-1.7,94.027,-38.3,0.904,4991.6,Adulto,1,0.6863548020420082
35,self-employed,single,university.degree,no,yes,no,cellular,jul,wed,2122,1,999,0,nonexistent,1.4,93.918,-42.7,4.962,5228.1,Adulto,1,0.9963067707233688
45,services,married,high.school,no,yes,no,cellular,apr,tue,1063,1,999,0,nonexistent,-1.8,93.075,-47.1,1.453,5099.1,Adulto,1,0.8740722056955276
43,services,divorced,basic.6y,no,yes,no,telephone,aug,wed,813,2,999,0,nonexistent,-2.9,92.201,-31.4,0.884,5076.2,Adulto,1,0.7702476671059852
24,technician,single,professional.course,no,yes,no,cellular,sep,fri,1042,5,999,3,failure,-1.1,94.199,-37.5,0.878,4963.6,Joven,1,0.9106128531825323
52,admin.,married,basic.9y,no,no,no,cellular,jul,wed,1171,2,999,0,nonexistent,1.4,93.918,-42.7,4.963,5228.1,Maduro,1,0.7329543935350783
34,self-employed,single,university.degree,no,no,no,cellular,jul,wed,1211,1,999,0,nonexistent,1.4,93.918,-42.7,4.963,5228.1,Adulto,1,0.7827741631900457
54,admin.,married,high.school,no,no,no,cellular,oct,wed,252,2,6,2,success,-1.1,94.601,-49.5,0.985,4963.6,Maduro,1,0.7495996647877847
37,services,married,high.school,no,yes,yes,cellular,oct,fri,608,2,12,2,failure,-1.1,94.601,-49.5,1.029,4963.6,Adulto,1,0.8117046105453043
31,admin.,married,high.school,no,no,no,cellular,jun,wed,161,1,2,1,success,-2.9,92.963,-40.8,1.26,5076.2,Adulto,1,0.6135276653234482
44,management,married,university.degree,no,no,no,cellular,may,fri,1380,1,999,0,nonexistent,-1.8,92.893,-46.2,1.25,5099.1,Adulto,1,0.9387954650610699
47,management,married,university.degree,no,yes,no,cellular,aug,mon,145,3,3,2,success,-1.7,94.027,-38.3,0.904,4991.6,Maduro,1,0.7794399376224279
41,admin.,married,university.degree,no,no,no,cellular,sep,mon,800,2,999,1,failure,-3.4,92.379,-29.8,0.797,5017.5,Adulto,1,0.8384292918363131
50,admin.,married,university.degree,no,yes,no,cellular,dec,tue,410,3,999,0,nonexistent,-3.0,92.713,-33.0,0.708,5023.5,Maduro,1,0.6005871151481098
68,retired,married,basic.4y,no,yes,no,cellular,jul,wed,665,1,999,0,nonexistent,-2.9,92.469,-33.6,1.029,5076.2,Senior,1,0.8140826401664671
36,admin.,married,high.school,no,no,no,telephone,may,tue,1346,1,999,0,nonexistent,-1.8,92.893,-46.2,1.266,5099.1,Adulto,1,0.8578211360240618
40,blue-collar,married,basic.6y,unknown,yes,no,cellular,may,fri,1080,1,999,0,nonexistent,-1.8,92.893,-46.2,1.313,5099.1,Adulto,1,0.7121642373038546
50,management,married,university.degree,no,yes,no,cellular,jul,thu,1019,1,999,0,nonexistent,1.4,93.918,-42.7,4.963,5228.1,Maduro,1,0.6000595796686332
26,admin.,married,high.school,no,yes,yes,telephone,may,fri,2462,1,999,0,nonexistent,1.1,93.994,-36.4,4.855,5191.0,Joven,1,0.9986420865836333
30,technician,married,high.school,no,no,no,cellular,jul,fri,1161,26,999,0,nonexistent,1.4,93.918,-42.7,4.962,5228.1,Joven,1,0.5468515889468105
36,admin.,divorced,high.school,no,no,no,cellular,jul,wed,1960,3,999,0,nonexistent,1.4,93.918,-42.7,4.963,5228.1,Adulto,1,0.9912242584963399
41,admin.,single,university.degree,no,unknown,unknown,cellular,apr,thu,1277,1,999,0,nonexistent,-1.8,93.075,-47.1,1.365,5099.1,Adulto,1,0.9585604122849445
21,student,single,high.school,no,no,no,cellular,nov,tue,280,1,7,2,failure,-3.4,92.649,-30.1,0.715,5017.5,Joven,1,0.5706109539212465
66,unemployed,single,basic.4y,no,yes,no,cellular,apr,thu,1958,11,999,0,nonexistent,-1.8,93.075,-47.1,1.365,5099.1,Senior,1,0.9979522294761332
28,management,single,university.degree,no,yes,no,cellular,jun,thu,1161,1,4,1,success,-2.9,92.963,-40.8,1.26,5076.2,Joven,1,0.9955289351425232
45,blue-collar,married,professional.course,no,yes,no,telephone,may,thu,414,1,6,2,success,-1.8,93.876,-40.0,0.683,5008.7,Adulto,1,0.5344409458024715
49,management,married,university.degree,no,yes,no,cellular,nov,fri,846,1,3,1,success,-0.1,93.2,-42.0,4.021,5195.8,Maduro,1,0.7529372099924934
38,admin.,single,high.school,no,yes,no,cellular,apr,thu,882,1,6,1,success,-1.8,93.749,-34.6,0.659,5008.7,Adulto,1,0.9731334299849218
30,technician,single,university.degree,no,unknown,unknown,cellular,mar,tue,272,3,999,0,nonexistent,-1.8,93.369,-34.8,0.646,5008.7,Joven,1,0.6603000077217946
38,technician,married,professional.course,no,yes,no,cellular,jun,tue,993,4,3,1,success,-2.9,92.963,-40.8,1.286,5076.2,Adulto,1,0.9854600408423181
29,admin.,single,high.school,no,no,no,cellular,jul,tue,195,2,3,3,success,-1.7,94.215,-40.3,0.835,4991.6,Joven,1,0.7685508557464312
23,blue-collar,single,unknown,unknown,no,no,cellular,jul,wed,1473,6,999,0,nonexistent,1.4,93.918,-42.7,4.957,5228.1,Joven,1,0.8978104903130901
66,retired,married,professional.course,no,no,no,cellular,mar,tue,177,1,999,1,failure,-1.8,93.369,-34.8,0.655,5008.7,Senior,1,0.5156004824800233
24,admin.,single,university.degree,no,yes,yes,cellular,aug,fri,101,5,6,2,success,-1.7,94.027,-38.3,0.905,4991.6,Joven,1,0.7755186148436063
49,technician,divorced,unknown,no,yes,no,cellular,oct,thu,168,1,4,1,success,-3.4,92.431,-26.9,0.754,5017.5,Maduro,1,0.6784480984684423
27,admin.,single,university.degree,no,no,no,cellular,jul,wed,919,2,999,0,nonexistent,1.4,93.918,-42.7,4.962,5228.1,Joven,1,0.5573981406535896
61,admin.,married,high.school,no,yes,no,cellular,nov,wed,300,1,21,5,failure,-1.1,94.767,-50.8,1.044,4963.6,Senior,1,0.5470524582944809
32,admin.,single,university.degree,no,yes,no,cellular,jul,thu,250,2,6,1,success,-1.7,94.215,-40.3,0.846,4991.6,Adulto,1,0.8200874646102554
54,blue-collar,married,basic.9y,no,yes,no,cellular,jun,fri,239,2,3,1,success,-2.9,92.963,-40.8,1.268,5076.2,Maduro,1,0.5988128406308963
43,blue-collar,married,basic.9y,unknown,no,no,telephone,may,fri,1500,2,999,0,nonexistent,1.1,93.994,-36.4,4.864,5191.0,Adulto,1,0.7554466975022497
27,admin.,single,university.degree,no,yes,no,cellular,mar,tue,359,1,999,1,failure,-1.8,93.369,-34.8,0.635,5008.7,Joven,1,0.6713918012985017
22,technician,single,professional.course,no,yes,no,cellular,aug,tue,122,1,999,0,nonexistent,-1.7,94.027,-38.3,0.904,4991.6,Joven,1,0.5122844967906232
19,student,single,basic.6y,no,yes,no,cellular,mar,tue,313,1,5,2,success,-1.8,93.369,-34.8,0.655,5008.7,Joven,1,0.9331503410310386
52,admin.,divorced,university.degree,no,yes,no,cellular,nov,tue,551,1,999,3,failure,-3.4,92.649,-30.1,0.72,5017.5,Maduro,1,0.573703268197171
40,blue-collar,divorced,professional.course,no,no,no,cellular,jun,wed,115,2,3,1,success,-2.9,92.963,-40.8,1.26,5076.2,Adulto,1,0.50634266661131
42,self-employed,married,university.degree,no,yes,no,cellular,jun,wed,436,1,3,1,success,-2.9,92.963,-40.8,1.26,5076.2,Adulto,1,0.8508202630619534
33,technician,single,professional.course,no,yes,no,telephone,nov,mon,4918,1,999,0,nonexistent,-0.1,93.2,-42.0,4.406,5195.8,Adulto,1,0.9999999871706543
41,services,married,high.school,no,no,no,cellular,mar,wed,396,2,999,0,nonexistent,-1.8,92.843,-50.0,1.778,5099.1,Adulto,1,0.6038313603087976
30,blue-collar,married,professional.course,no,no,no,cellular,may,fri,1357,4,999,1,failure,-1.8,92.893,-46.2,1.25,5099.1,Joven,1,0.8858013907168952
35,admin.,married,high.school,no,yes,no,cellular,apr,wed,1190,1,999,0,nonexistent,-1.8,93.075,-47.1,1.445,5099.1,Adulto,1,0.9424803278316385
30,blue-collar,married,high.school,no,yes,no,telephone,mar,tue,904,1,999,0,nonexistent,-1.8,93.369,-34.8,0.655,5008.7,Joven,1,0.9383662886226545
29,blue-collar,single,basic.6y,no,yes,yes,cellular,apr,thu,1410,1,999,1,failure,-1.8,93.075,-47.1,1.41,5099.1,Joven,1,0.9683792679491164
72,retired,married,basic.4y,no,yes,no,cellular,nov,wed,406,1,999,1,failure,-3.4,92.649,-30.1,0.715,5017.5,Senior,1,0.5314788704756623
33,admin.,single,university.degree,no,no,no,cellular,jun,tue,541,3,999,0,nonexistent,-2.9,92.963,-40.8,1.262,5076.2,Adulto,1,0.6743984888010564
44,entrepreneur,married,university.degree,no,yes,no,cellular,apr,fri,1034,2,999,0,nonexistent,-1.8,93.075,-47.1,1.405,5099.1,Adulto,1,0.864404239772456
36,technician,single,professional.course,no,yes,no,cellular,aug,thu,474,1,999,0,nonexistent,-2.9,92.201,-31.4,0.851,5076.2,Adulto,1,0.5333364879605814
82,retired,married,professional.course,no,yes,no,telephone,mar,mon,506,2,999,0,nonexistent,-1.8,93.369,-34.8,0.646,5008.7,Senior,1,0.7635407978333351
46,management,married,high.school,no,yes,yes,cellular,aug,wed,1456,3,999,0,nonexistent,1.4,93.444,-36.1,4.967,5228.1,Maduro,1,0.9015413540581334
27,admin.,married,university.degree,no,no,yes,cellular,jul,fri,979,2,999,0,nonexistent,1.4,93.918,-42.7,4.962,5228.1,Joven,1,0.5850917181498805
28,unemployed,single,high.school,no,yes,no,cellular,dec,mon,94,3,6,3,success,-3.0,92.713,-33.0,0.709,5023.5,Joven,1,0.5003671398187485
31,technician,married,basic.9y,no,no,yes,cellular,jul,thu,1319,5,999,0,nonexistent,1.4,93.918,-42.7,4.958,5228.1,Adulto,1,0.7896793882274045
31,admin.,single,university.degree,no,yes,no,cellular,nov,wed,404,1,2,5,success,-1.1,94.767,-50.8,1.048,4963.6,Adulto,1,0.8062790231330765
48,admin.,divorced,university.degree,no,no,no,cellular,aug,thu,544,1,999,0,nonexistent,-1.7,94.027,-38.3,0.904,4991.6,Maduro,1,0.878093872836134
35,admin.,single,university.degree,no,yes,no,cellular,may,fri,662,1,12,1,success,-1.8,92.893,-46.2,1.313,5099.1,Adulto,1,0.7031091367842645
38,technician,married,high.school,no,yes,no,cellular,jul,tue,1037,8,999,0,nonexistent,1.4,93.918,-42.7,4.961,5228.1,Adulto,1,0.5011711442752118
36,admin.,married,university.degree,no,yes,yes,cellular,jul,mon,1669,2,999,0,nonexistent,1.4,93.918,-42.7,4.962,5228.1,Adulto,1,0.9620650749155616
47,blue-collar,married,basic.4y,no,yes,no,telephone,jun,mon,2769,4,999,0,nonexistent,1.4,94.465,-41.8,4.96,5228.1,Maduro,1,0.9996732353158309
41,technician,married,professional.course,no,yes,no,cellular,sep,mon,394,2,999,0,nonexistent,-3.4,92.379,-29.8,0.771,5017.5,Adulto,1,0.5194055243496251
28,student,single,high.school,no,no,no,cellular,sep,fri,555,2,999,0,nonexistent,-3.4,92.379,-29.8,0.803,5017.5,Joven,1,0.7963099424559248
29,technician,married,professional.course,no,yes,no,cellular,oct,fri,319,1,5,2,success,-1.1,94.601,-49.5,0.972,4963.6,Joven,1,0.8199013878375437
59,unemployed,married,basic.4y,no,yes,no,cellular,jun,mon,614,1,6,2,success,-1.7,94.055,-39.8,0.72,4991.6,Maduro,1,0.8606050022787469
34,services,single,high.school,no,no,no,cellular,may,thu,957,2,999,0,nonexistent,-1.8,92.893,-46.2,1.327,5099.1,Adulto,1,0.6262937638450415
43,self-employed,married,high.school,unknown,no,no,cellular,apr,wed,743,1,999,0,nonexistent,-1.8,93.075,-47.1,1.498,5099.1,Adulto,1,0.5596757819333944
44,admin.,single,university.degree,no,no,no,cellular,aug,thu,492,1,999,2,failure,-1.7,94.027,-38.3,0.904,4991.6,Adulto,1,0.7388352079460936
39,technician,married,professional.course,no,yes,no,cellular,aug,mon,247,1,4,1,success,-2.9,92.201,-31.4,0.884,5076.2,Adulto,1,0.6047771305984893
33,services,single,high.school,no,yes,no,cellular,mar,fri,128,2,6,1,success,-1.8,93.369,-34.8,0.636,5008.7,Adulto,1,0.7391197226458662
32,technician,single,professional.course,no,no,no,cellular,may,thu,1060,2,999,0,nonexistent,-1.8,92.893,-46.2,1.266,5099.1,Adulto,1,0.7597816275958558
73,retired,single,professional.course,no,no,no,cellular,apr,fri,291,1,6,3,success,-1.8,93.749,-34.6,0.645,5008.7,Senior,1,0.7727246074936911
29,technician,single,university.degree,no,yes,yes,telephone,jun,fri,1149,2,999,0,nonexistent,1.4,94.465,-41.8,4.959,5228.1,Joven,1,0.7311489514644427
63,technician,married,unknown,no,yes,no,cellular,dec,mon,510,2,999,1,failure,-3.0,92.713,-33.0,0.715,5023.5,Senior,1,0.6392581844379949
52,technician,married,university.degree,no,no,no,cellular,may,thu,211,1,3,4,success,-1.8,93.876,-40.0,0.677,5008.7,Maduro,1,0.5341242162120057
36,technician,married,professional.course,no,no,no,telephone,may,wed,1423,3,999,0,nonexistent,1.1,93.994,-36.4,4.859,5191.0,Adulto,1,0.8301767552454157
53,admin.,married,high.school,no,no,no,cellular,jul,tue,964,1,999,1,failure,-2.9,92.469,-33.6,1.044,5076.2,Maduro,1,0.8730058125615787
41,admin.,married,university.degree,no,yes,no,telephone,aug,thu,345,1,9,3,failure,-1.7,94.027,-38.3,0.899,4991.6,Adulto,1,0.635161237357892
58,unemployed,married,basic.4y,unknown,yes,no,cellular,mar,thu,439,4,999,0,nonexistent,-1.8,92.843,-50.0,1.538,5099.1,Maduro,1,0.5206433456616404
32,self-employed,single,university.degree,no,yes,no,cellular,jul,thu,940,1,14,1,success,-2.9,92.469,-33.6,1.072,5076.2,Adulto,1,0.9751889627392333
55,unemployed,divorced,university.degree,no,no,no,cellular,mar,tue,212,3,6,3,success,-1.8,93.369,-34.8,0.652,5008.7,Maduro,1,0.818814652361175
32,blue-collar,single,basic.4y,no,no,no,cellular,may,wed,902,1,999,0,nonexistent,-1.8,92.893,-46.2,1.281,5099.1,Adulto,1,0.5701887416103412
42,technician,married,professional.course,no,no,no,cellular,aug,thu,295,1,6,2,success,-1.7,94.027,-38.3,0.899,4991.6,Adulto,1,0.8779952455062849
43,admin.,divorced,university.degree,no,yes,no,cellular,nov,fri,741,4,999,2,failure,-1.1,94.767,-50.8,1.04,4963.6,Adulto,1,0.7336113847546029
41,self-employed,married,university.degree,no,yes,no,cellular,apr,thu,884,1,999,1,failure,-1.8,93.075,-47.1,1.41,5099.1,Adulto,1,0.6702280884382652
52,admin.,married,unknown,no,no,no,telephone,sep,tue,513,13,14,2,failure,-3.4,92.379,-29.8,0.819,5017.5,Maduro,1,0.5762191678663554
40,services,married,basic.9y,unknown,yes,no,cellular,jul,thu,1206,4,999,0,nonexistent,1.4,93.918,-42.7,4.962,5228.1,Adulto,1,0.6041249643130421
47,technician,married,basic.6y,no,no,no,cellular,sep,mon,164,2,6,3,success,-1.1,94.199,-37.5,0.882,4963.6,Maduro,1,0.5247997122459934
53,technician,married,high.school,no,yes,no,cellular,jul,fri,531,3,999,0,nonexistent,-2.9,92.469,-33.6,1.059,5076.2,Maduro,1,0.562237057105467
60,retired,married,high.school,no,no,no,cellular,dec,thu,472,1,999,0,nonexistent,-3.0,92.713,-33.0,0.72,5023.5,Maduro,1,0.6717146259430203
30,admin.,single,university.degree,no,yes,yes,telephone,oct,mon,718,1,999,0,nonexistent,-0.1,93.798,-40.4,5.0,5195.8,Joven,1,0.663237187809031
44,management,divorced,university.degree,no,no,no,cellular,apr,fri,1091,1,999,1,failure,-1.8,93.075,-47.1,1.479,5099.1,Adulto,1,0.8612550240110771
31,student,single,university.degree,no,no,no,cellular,aug,tue,224,1,9,2,failure,-1.7,94.027,-38.3,0.899,4991.6,Adulto,1,0.7281398102905949
35,services,married,high.school,no,no,no,cellular,sep,tue,421,2,3,1,success,-3.4,92.379,-29.8,0.788,5017.5,Adulto,1,0.8456385123865903
33,services,married,high.school,no,no,no,cellular,aug,thu,738,1,999,0,nonexistent,-2.9,92.201,-31.4,0.873,5076.2,Adulto,1,0.7792612427148373
29,admin.,single,university.degree,no,no,no,cellular,apr,wed,548,2,999,0,nonexistent,-1.8,93.075,-47.1,1.445,5099.1,Joven,1,0.5291169468898324
52,management,married,university.degree,no,no,no,cellular,may,fri,698,5,999,1,failure,-1.8,93.876,-40.0,0.684,5008.7,Maduro,1,0.6419838741786315
34,technician,single,university.degree,no,no,no,cellular,may,tue,882,1,999,0,nonexistent,-1.8,92.893,-46.2,1.291,5099.1,Adulto,1,0.6093021325862074
67,retired,married,basic.6y,no,no,no,cellular,aug,tue,460,2,999,0,nonexistent,-2.9,92.201,-31.4,0.859,5076.2,Senior,1,0.6759531036932048
49,management,married,university.degree,no,no,no,cellular,nov,fri,1036,2,999,0,nonexistent,-0.1,93.2,-42.0,4.021,5195.8,Maduro,1,0.6252853380632644
29,admin.,divorced,professional.course,no,no,yes,cellular,nov,wed,1435,3,999,1,failure,-0.1,93.2,-42.0,4.12,5195.8,Joven,1,0.8914788799183562
48,admin.,single,university.degree,no,yes,no,cellular,aug,wed,118,1,0,2,success,-1.7,94.027,-38.3,0.9,4991.6,Maduro,1,0.817836487754851
29,services,single,unknown,no,yes,no,cellular,apr,thu,1241,5,999,0,nonexistent,-1.8,93.749,-34.6,0.659,5008.7,Joven,1,0.9810079736347139
31,admin.,married,university.degree,no,yes,no,cellular,may,tue,1078,1,999,0,nonexistent,-1.8,92.893,-46.2,1.266,5099.1,Adulto,1,0.7967510773302925
20,student,single,high.school,no,no,no,cellular,nov,wed,229,2,3,3,success,-3.4,92.649,-30.1,0.715,5017.5,Joven,1,0.736260511279121
33,admin.,married,university.degree,no,yes,no,cellular,nov,tue,510,1,999,1,failure,-1.1,94.767,-50.8,1.035,4963.6,Adulto,1,0.5384225678022267
83,retired,married,professional.course,no,yes,no,cellular,oct,fri,849,2,4,1,success,-3.4,92.431,-26.9,0.752,5017.5,Senior,1,0.9864733642280805
46,blue-collar,married,basic.6y,unknown,no,yes,telephone,may,thu,1231,2,999,0,nonexistent,1.1,93.994,-36.4,4.86,5191.0,Maduro,1,0.5701139512875726
25,student,single,university.degree,no,no,no,cellular,apr,thu,539,1,999,0,nonexistent,-1.8,93.075,-47.1,1.41,5099.1,Joven,1,0.5329232771445668
35,admin.,single,university.degree,no,yes,no,cellular,aug,thu,789,1,999,0,nonexistent,-2.9,92.201,-31.4,0.883,5076.2,Adulto,1,0.8496081120299258
26,student,single,high.school,no,no,no,cellular,aug,fri,482,2,999,0,nonexistent,-2.9,92.201,-31.4,0.869,5076.2,Joven,1,0.6287718332923065
39,blue-collar,married,basic.9y,no,yes,no,cellular,sep,mon,791,3,999,0,nonexistent,-1.1,94.199,-37.5,0.882,4963.6,Adulto,1,0.73795137006987
53,admin.,single,university.degree,no,no,no,cellular,apr,thu,494,1,2,1,success,-1.8,93.075,-47.1,1.365,5099.1,Maduro,1,0.7421962532296702
40,blue-collar,married,basic.4y,no,no,no,cellular,nov,mon,1121,2,999,0,nonexistent,-0.1,93.2,-42.0,4.191,5195.8,Adulto,1,0.5880820268273433
56,retired,married,high.school,unknown,yes,no,telephone,jun,fri,1094,3,999,0,nonexistent,1.4,94.465,-41.8,4.959,5228.1,Maduro,1,0.5637645483720881
55,management,married,university.degree,no,yes,no,cellular,apr,fri,949,2,999,0,nonexistent,-1.8,93.075,-47.1,1.405,5099.1,Maduro,1,0.8425380254379611
50,admin.,single,basic.9y,no,unknown,unknown,cellular,jun,wed,699,1,999,1,failure,-2.9,92.963,-40.8,1.26,5076.2,Maduro,1,0.7324980645118623
54,admin.,divorced,university.degree,no,no,no,cellular,dec,wed,288,7,6,2,success,-3.0,92.713,-33.0,0.715,5023.5,Maduro,1,0.7690707283270344
30,admin.,single,university.degree,no,no,no,cellular,jul,tue,212,1,3,2,success,-1.7,94.215,-40.3,0.797,4991.6,Joven,1,0.8230704508581098
36,blue-collar,married,basic.4y,no,no,no,cellular,jul,thu,1102,1,999,0,nonexistent,1.4,93.918,-42.7,4.963,5228.1,Adulto,1,0.5837050568412819
38,services,single,high.school,no,yes,no,cellular,apr,wed,1665,3,999,0,nonexistent,-1.8,93.075,-47.1,1.445,5099.1,Adulto,1,0.9924828681104065
39,blue-collar,married,basic.9y,no,yes,no,cellular,sep,fri,293,1,3,1,success,-3.4,92.379,-29.8,0.803,5017.5,Adulto,1,0.7035532734859649
20,student,single,unknown,no,yes,yes,cellular,oct,tue,187,1,3,4,success,-1.1,94.601,-49.5,0.982,4963.6,Joven,1,0.7200144779356753
46,unemployed,married,basic.9y,no,yes,yes,cellular,jun,tue,1210,4,999,1,failure,-2.9,92.963,-40.8,1.262,5076.2,Maduro,1,0.9578249737379093
74,retired,married,basic.9y,no,yes,no,cellular,oct,thu,134,2,6,1,success,-3.4,92.431,-26.9,0.74,5017.5,Senior,1,0.6696155208580958
76,retired,married,basic.4y,no,yes,no,cellular,sep,wed,259,2,3,1,success,-3.4,92.379,-29.8,0.781,5017.5,Senior,1,0.8310181666944529
45,blue-collar,married,unknown,no,yes,no,cellular,apr,thu,944,1,999,1,failure,-1.8,93.075,-47.1,1.41,5099.1,Adulto,1,0.7022997210851201
31,technician,married,professional.course,no,yes,no,cellular,jun,tue,243,5,9,2,success,-1.7,94.055,-39.8,0.723,4991.6,Adulto,1,0.5366301839438988
29,blue-collar,single,basic.9y,no,no,no,telephone,jun,tue,1563,1,6,2,success,-1.7,94.055,-39.8,0.702,4991.6,Joven,1,0.9967558282513551
32,self-employed,married,basic.6y,no,yes,no,cellular,may,mon,1121,3,3,1,success,-1.8,92.893,-46.2,1.354,5099.1,Adulto,1,0.9432216667369802
36,technician,single,unknown,no,yes,no,cellular,jul,tue,1046,2,999,0,nonexistent,1.4,93.918,-42.7,4.962,5228.1,Adulto,1,0.5964502593315143
37,self-employed,married,professional.course,no,yes,yes,cellular,nov,mon,1024,1,5,1,success,-3.4,92.649,-30.1,0.722,5017.5,Adulto,1,0.9850193682611815
51,technician,single,professional.course,no,no,no,cellular,aug,wed,1740,1,999,0,nonexistent,1.4,93.444,-36.1,4.964,5228.1,Maduro,1,0.9775575524291036
30,student,single,university.degree,no,yes,no,cellular,may,tue,775,3,999,0,nonexistent,-1.8,92.893,-46.2,1.291,5099.1,Joven,1,0.5634534889281448
32,technician,divorced,professional.course,no,yes,yes,cellular,mar,tue,460,1,999,0,nonexistent,-1.8,92.843,-50.0,1.556,5099.1,Adulto,1,0.663873633103098
37,admin.,married,basic.6y,no,yes,yes,cellular,jul,thu,1602,6,999,0,nonexistent,1.4,93.918,-42.7,4.962,5228.1,Adulto,1,0.9496280863879569
51,services,married,high.school,no,yes,no,cellular,nov,mon,354,3,6,3,success,-1.1,94.767,-50.8,1.05,4963.6,Maduro,1,0.7017656833234943
35,blue-collar,married,basic.9y,no,yes,no,cellular,jul,mon,275,1,6,2,success,-1.7,94.215,-40.3,0.889,4991.6,Adulto,1,0.7313572743642485
47,admin.,married,basic.9y,no,yes,yes,cellular,apr,fri,795,3,999,1,failure,-1.8,93.075,-47.1,1.405,5099.1,Maduro,1,0.5470482261652232
40,self-employed,married,university.degree,no,no,no,cellular,apr,fri,775,1,999,0,nonexistent,-1.8,93.075,-47.1,1.405,5099.1,Adulto,1,0.6666433261732574
30,student,single,unknown,no,no,yes,telephone,mar,tue,255,1,3,2,success,-1.8,93.369,-34.8,0.637,5008.7,Joven,1,0.8183720983535442
30,technician,single,university.degree,no,yes,no,cellular,aug,thu,979,3,999,0,nonexistent,1.4,93.444,-36.1,4.962,5228.1,Joven,1,0.5316979970662778
55,blue-collar,married,basic.9y,no,no,no,cellular,nov,mon,1077,1,999,0,nonexistent,-0.1,93.2,-42.0,4.191,5195.8,Maduro,1,0.5511677739317657
30,technician,married,professional.course,no,yes,no,cellular,mar,tue,368,1,999,0,nonexistent,-1.8,93.369,-34.8,0.655,5008.7,Joven,1,0.7575154310103234
37,admin.,single,high.school,no,no,no,cellular,oct,thu,509,1,999,0,nonexistent,-1.1,94.601,-49.5,0.987,4963.6,Adulto,1,0.6691617563649703
60,retired,married,university.degree,no,no,no,cellular,dec,fri,439,3,6,2,success,-3.0,92.713,-33.0,0.718,5023.5,Maduro,1,0.8864507788381988
31,admin.,married,university.degree,no,no,no,cellular,aug,tue,317,2,999,1,failure,-1.7,94.027,-38.3,0.904,4991.6,Adulto,1,0.5782626634093786
33,technician,married,professional.course,no,no,no,cellular,aug,tue,1241,2,999,0,nonexistent,1.4,93.444,-36.1,4.963,5228.1,Adulto,1,0.7559821181005772
54,blue-collar,married,basic.4y,no,yes,no,cellular,apr,thu,743,1,999,0,nonexistent,-1.8,93.075,-47.1,1.41,5099.1,Maduro,1,0.5888717184979397
32,technician,single,high.school,no,yes,no,cellular,may,tue,1531,1,999,0,nonexistent,-1.8,92.893,-46.2,1.291,5099.1,Adulto,1,0.9667281832818123
24,student,single,high.school,no,yes,no,cellular,aug,fri,456,1,999,0,nonexistent,-2.9,92.201,-31.4,0.881,5076.2,Joven,1,0.6076761813792045
33,technician,married,high.school,no,yes,no,cellular,jul,fri,1360,9,999,0,nonexistent,1.4,93.918,-42.7,4.957,5228.1,Adulto,1,0.8201992331122008
25,admin.,married,high.school,no,yes,no,cellular,nov,thu,702,1,999,0,nonexistent,-3.4,92.649,-30.1,0.714,5017.5,Joven,1,0.8369837586149347
32,technician,single,university.degree,no,no,no,cellular,jun,mon,1048,1,999,0,nonexistent,-2.9,92.963,-40.8,1.266,5076.2,Adulto,1,0.9563328611609794
19,student,single,basic.6y,no,yes,no,cellular,sep,thu,161,2,6,4,success,-1.1,94.199,-37.5,0.879,4963.6,Joven,1,0.6062522374352226
29,admin.,married,university.degree,no,no,yes,cellular,jun,tue,347,3,5,1,success,-1.7,94.055,-39.8,0.702,4991.6,Joven,1,0.7470142346087505
53,admin.,married,university.degree,no,yes,no,cellular,nov,tue,409,2,999,0,nonexistent,-3.4,92.649,-30.1,0.715,5017.5,Maduro,1,0.555492191522741
27,student,single,unknown,no,yes,no,telephone,apr,thu,390,1,4,1,success,-1.8,93.749,-34.6,0.635,5008.7,Joven,1,0.7504481214406868
31,technician,single,high.school,no,no,no,cellular,aug,wed,1033,3,999,0,nonexistent,1.4,93.444,-36.1,4.964,5228.1,Adulto,1,0.5429118599854014
54,unemployed,married,high.school,no,yes,no,cellular,dec,wed,346,1,999,0,nonexistent,-3.0,92.713,-33.0,0.721,5023.5,Maduro,1,0.5182417143108506
37,blue-collar,married,high.school,no,no,no,telephone,may,fri,1236,2,999,0,nonexistent,1.1,93.994,-36.4,4.864,5191.0,Adulto,1,0.5781743873906259
60,retired,married,high.school,no,yes,no,cellular,aug,tue,443,2,999,2,failure,-1.7,94.027,-38.3,0.886,4991.6,Maduro,1,0.7000499519715333
57,blue-collar,divorced,basic.4y,no,no,no,cellular,jun,mon,233,1,12,1,success,-2.9,92.963,-40.8,1.266,5076.2,Maduro,1,0.5869980049645226
36,technician,married,university.degree,no,unknown,unknown,cellular,sep,thu,1334,2,999,0,nonexistent,-1.1,94.199,-37.5,0.879,4963.6,Adulto,1,0.9857103782942203
53,admin.,divorced,university.degree,no,no,no,telephone,jun,fri,1330,3,999,0,nonexistent,1.4,94.465,-41.8,4.967,5228.1,Maduro,1,0.8487588118082489
38,blue-collar,married,basic.6y,unknown,yes,no,cellular,nov,fri,1055,1,999,0,nonexistent,-0.1,93.2,-42.0,4.021,5195.8,Adulto,1,0.5205385971842966
38,blue-collar,divorced,basic.9y,no,unknown,unknown,cellular,jul,fri,1120,2,999,0,nonexistent,1.4,93.918,-42.7,4.963,5228.1,Adulto,1,0.5645769749746443
32,technician,married,professional.course,no,yes,yes,cellular,nov,wed,1554,1,999,0,nonexistent,-0.1,93.2,-42.0,4.12,5195.8,Adulto,1,0.9516979835679897
53,housemaid,married,university.degree,no,yes,no,cellular,apr,thu,494,1,6,1,success,-1.8,93.749,-34.6,0.644,5008.7,Maduro,1,0.8734804559884143
40,admin.,married,university.degree,no,no,no,cellular,apr,thu,815,1,999,0,nonexistent,-1.8,93.075,-47.1,1.365,5099.1,Adulto,1,0.7278025367800824
26,admin.,single,university.degree,no,yes,yes,cellular,apr,tue,295,4,6,2,success,-1.8,93.749,-34.6,0.644,5008.7,Joven,1,0.7311904296256853
24,student,single,professional.course,no,no,no,cellular,jul,wed,429,2,6,3,success,-1.7,94.215,-40.3,0.896,4991.6,Joven,1,0.9386795018883235
30,technician,single,professional.course,no,unknown,unknown,telephone,sep,tue,808,1,12,2,failure,-1.1,94.199,-37.5,0.877,4963.6,Joven,1,0.8446169356725686
42,services,married,professional.course,no,yes,no,telephone,may,tue,1205,1,999,0,nonexistent,1.1,93.994,-36.4,4.857,5191.0,Adulto,1,0.5909990105550839
32,admin.,single,university.degree,no,yes,no,cellular,mar,mon,364,3,999,0,nonexistent,-1.8,92.843,-50.0,1.52,5099.1,Adulto,1,0.534722253268427
46,blue-collar,married,professional.course,no,no,no,telephone,jun,thu,1446,1,999,0,nonexistent,1.4,94.465,-41.8,4.866,5228.1,Maduro,1,0.8851697252429865
49,blue-collar,married,basic.6y,no,yes,no,telephone,may,fri,1980,2,999,0,nonexistent,1.1,93.994,-36.4,4.864,5191.0,Maduro,1,0.9849033047619402
26,student,single,university.degree,no,no,no,cellular,nov,fri,181,1,7,1,success,-3.4,92.649,-30.1,0.714,5017.5,Joven,1,0.7293249895207367
74,retired,divorced,basic.4y,no,yes,no,cellular,oct,mon,102,3,3,2,success,-1.1,94.601,-49.5,1.0,4963.6,Senior,1,0.60711286195226
39,services,divorced,high.school,unknown,no,no,telephone,may,mon,2033,1,999,0,nonexistent,1.1,93.994,-36.4,4.857,5191.0,Adulto,1,0.9783848572773978
24,unemployed,single,high.school,no,yes,no,cellular,may,mon,699,1,13,2,failure,-1.8,93.876,-40.0,0.697,5008.7,Joven,1,0.8118368535883114
57,housemaid,married,basic.4y,no,no,no,cellular,apr,wed,224,2,6,1,success,-1.8,93.749,-34.6,0.642,5008.7,Maduro,1,0.6401664120665029
41,admin.,married,university.degree,no,yes,no,cellular,nov,tue,95,1,3,1,success,-3.4,92.649,-30.1,0.715,5017.5,Adulto,1,0.5324396508542909
42,blue-collar,married,basic.9y,no,no,no,cellular,jul,thu,1187,3,999,0,nonexistent,1.4,93.918,-42.7,4.963,5228.1,Adulto,1,0.6364085683335287
29,admin.,single,professional.course,no,yes,no,cellular,may,tue,788,2,999,0,nonexistent,-1.8,92.893,-46.2,1.291,5099.1,Joven,1,0.5260166288538372
47,services,single,unknown,no,unknown,unknown,cellular,mar,thu,394,2,999,0,nonexistent,-1.8,93.369,-34.8,0.643,5008.7,Maduro,1,0.7340343945889914
76,retired,married,university.degree,no,no,yes,cellular,dec,thu,324,3,4,2,success,-3.0,92.713,-33.0,0.712,5023.5,Senior,1,0.8506698156212165
35,blue-collar,married,unknown,no,yes,no,cellular,may,thu,1262,3,999,0,nonexistent,-1.8,92.893,-46.2,1.327,5099.1,Adulto,1,0.8702838550743722
28,admin.,single,high.school,no,yes,no,cellular,mar,fri,342,1,999,0,nonexistent,-1.8,92.843,-50.0,1.531,5099.1,Joven,1,0.5788410533145194
65,retired,married,basic.4y,no,yes,no,cellular,oct,wed,258,1,3,3,success,-1.1,94.601,-49.5,1.043,4963.6,Senior,1,0.8164066729671036
44,technician,married,professional.course,no,yes,no,cellular,sep,tue,173,1,4,1,success,-3.4,92.379,-29.8,0.755,5017.5,Adulto,1,0.6590743544924664
35,blue-collar,divorced,basic.9y,no,no,yes,cellular,jul,tue,1083,2,999,0,nonexistent,1.4,93.918,-42.7,4.961,5228.1,Adulto,1,0.5244974089383305
39,technician,married,high.school,no,yes,no,cellular,jul,thu,1461,4,999,0,nonexistent,1.4,93.918,-42.7,4.968,5228.1,Adulto,1,0.8956588322539472
59,retired,divorced,university.degree,no,yes,yes,cellular,aug,wed,526,1,999,0,nonexistent,-2.9,92.201,-31.4,0.884,5076.2,Maduro,1,0.688364717071994
23,student,single,basic.9y,no,yes,no,cellular,jun,tue,189,1,6,3,success,-1.7,94.055,-39.8,0.761,4991.6,Joven,1,0.551141501732946
31,admin.,single,high.school,no,no,no,cellular,sep,fri,252,2,3,2,success,-1.1,94.199,-37.5,0.883,4963.6,Adulto,1,0.6008987563426934
48,technician,married,professional.course,no,yes,no,cellular,sep,mon,669,1,999,0,nonexistent,-3.4,92.379,-29.8,0.797,5017.5,Maduro,1,0.8277076521865588
40,self-employed,single,university.degree,no,yes,no,cellular,jul,wed,1065,3,999,0,nonexistent,1.4,93.918,-42.7,4.963,5228.1,Adulto,1,0.6172575794282975
48,technician,married,professional.course,no,yes,yes,cellular,oct,mon,450,1,8,1,success,-1.1,94.601,-49.5,0.977,4963.6,Maduro,1,0.8733522726039327
59,management,married,university.degree,no,yes,no,cellular,dec,thu,646,3,6,1,success,-3.0,92.713,-33.0,0.7,5023.5,Maduro,1,0.9490846761937617
72,admin.,married,university.degree,unknown,no,yes,cellular,oct,tue,143,1,6,1,success,-3.4,92.431,-26.9,0.728,5017.5,Senior,1,0.6513179472399379
66,admin.,divorced,university.degree,no,yes,no,cellular,aug,wed,222,3,6,2,success,-1.7,94.027,-38.3,0.903,4991.6,Senior,1,0.8986396696065531
36,admin.,married,university.degree,no,yes,no,cellular,apr,thu,970,1,999,1,failure,-1.8,93.075,-47.1,1.365,5099.1,Adulto,1,0.7773847126140307
26,technician,single,university.degree,no,no,no,telephone,jun,thu,2635,3,999,0,nonexistent,1.4,94.465,-41.8,4.961,5228.1,Joven,1,0.9996896489193394
79,retired,married,basic.4y,no,no,yes,cellular,jul,fri,464,1,999,1,failure,-1.7,94.215,-40.3,0.822,4991.6,Senior,1,0.7082649690221559
42,technician,married,professional.course,no,no,no,telephone,may,tue,1623,1,999,0,nonexistent,1.1,93.994,-36.4,4.857,5191.0,Adulto,1,0.921081991669761
32,services,single,unknown,no,no,yes,cellular,jul,thu,415,2,999,0,nonexistent,-1.7,94.215,-40.3,0.846,4991.6,Adulto,1,0.6611781612393022
46,housemaid,single,university.degree,no,yes,yes,cellular,jun,fri,324,1,3,1,success,-2.9,92.963,-40.8,1.268,5076.2,Maduro,1,0.777078581644671
66,retired,married,basic.4y,no,yes,no,cellular,mar,tue,229,1,6,1,success,-1.8,93.369,-34.8,0.655,5008.7,Senior,1,0.8949480999568185
40,admin.,married,university.degree,no,no,no,cellular,aug,mon,246,1,3,1,success,-2.9,92.201,-31.4,0.884,5076.2,Adulto,1,0.6263733545890976
34,technician,divorced,professional.course,no,yes,no,cellular,may,fri,1190,2,999,0,nonexistent,-1.8,92.893,-46.2,1.25,5099.1,Adulto,1,0.8515632886443928
39,admin.,single,university.degree,no,yes,no,cellular,aug,wed,2191,1,999,0,nonexistent,1.4,93.444,-36.1,4.967,5228.1,Adulto,1,0.9971890436826858
34,technician,married,basic.9y,no,yes,no,cellular,apr,mon,904,2,999,0,nonexistent,-1.8,93.075,-47.1,1.405,5099.1,Adulto,1,0.7319662407888974
34,admin.,single,university.degree,no,yes,no,cellular,mar,tue,568,1,6,3,success,-1.8,93.369,-34.8,0.652,5008.7,Adulto,1,0.9629938700659959
43,technician,married,high.school,no,no,no,cellular,jul,wed,1389,7,999,0,nonexistent,1.4,93.918,-42.7,4.957,5228.1,Adulto,1,0.8634668465957936
30,admin.,married,university.degree,no,unknown,unknown,cellular,mar,mon,291,3,8,1,success,-1.8,92.843,-50.0,1.629,5099.1,Joven,1,0.8194086155593733
43,entrepreneur,married,high.school,no,no,no,telephone,jun,thu,1141,6,999,0,nonexistent,1.4,94.465,-41.8,4.958,5228.1,Adulto,1,0.5711803882745671
26,technician,single,university.degree,no,yes,no,cellular,dec,tue,296,1,5,1,success,-3.0,92.713,-33.0,0.707,5023.5,Joven,1,0.8265568428552859
29,admin.,single,university.degree,no,yes,no,telephone,may,wed,1273,1,999,0,nonexistent,1.1,93.994,-36.4,4.856,5191.0,Joven,1,0.7793350620184893
32,admin.,married,university.degree,no,yes,yes,cellular,jun,tue,384,1,999,0,nonexistent,-2.9,92.963,-40.8,1.262,5076.2,Adulto,1,0.5020999647726307
64,admin.,married,high.school,no,yes,no,cellular,oct,fri,427,1,999,1,failure,-3.4,92.431,-26.9,0.73,5017.5,Senior,1,0.555233403223538
68,retired,single,university.degree,no,no,no,cellular,sep,mon,500,2,999,1,failure,-3.4,92.379,-29.8,0.739,5017.5,Senior,1,0.6762266367293029
32,management,single,university.degree,no,yes,no,cellular,may,tue,1710,2,999,0,nonexistent,-1.8,92.893,-46.2,1.291,5099.1,Adulto,1,0.986742363537782
62,entrepreneur,married,university.degree,no,yes,no,telephone,sep,tue,722,1,999,0,nonexistent,-3.4,92.379,-29.8,0.77,5017.5,Senior,1,0.8167373482045832
25,technician,single,professional.course,no,yes,no,cellular,nov,fri,712,2,19,1,success,-1.1,94.767,-50.8,1.04,4963.6,Joven,1,0.9600349877540617
32,technician,married,university.degree,no,no,no,telephone,sep,wed,994,3,999,0,nonexistent,-3.4,92.379,-29.8,0.768,5017.5,Adulto,1,0.930874602761474
19,student,single,unknown,no,yes,no,telephone,apr,fri,1161,5,999,0,nonexistent,-1.8,93.075,-47.1,1.405,5099.1,Joven,1,0.903513234334953
25,technician,single,university.degree,no,yes,no,cellular,jun,fri,271,2,3,1,success,-2.9,92.963,-40.8,1.268,5076.2,Joven,1,0.7675865837309265
31,blue-collar,married,basic.6y,no,no,no,telephone,jun,fri,1573,5,999,0,nonexistent,1.4,94.465,-41.8,4.959,5228.1,Adulto,1,0.9298010501786039
62,management,married,university.degree,no,yes,yes,cellular,aug,wed,345,2,999,0,nonexistent,-2.9,92.201,-31.4,0.879,5076.2,Senior,1,0.5178943542317803
30,blue-collar,married,basic.9y,no,no,no,cellular,jul,wed,988,1,999,0,nonexistent,1.4,93.918,-42.7,4.963,5228.1,Joven,1,0.5253477672456421
36,admin.,single,university.degree,no,yes,yes,cellular,jun,wed,1407,1,999,0,nonexistent,-1.7,94.055,-39.8,0.739,4991.6,Adulto,1,0.9901132106426912
36,self-employed,single,university.degree,no,no,no,cellular,oct,fri,480,1,999,0,nonexistent,-3.4,92.431,-26.9,0.72,5017.5,Adulto,1,0.6404058765887403
56,housemaid,divorced,professional.course,no,yes,no,cellular,nov,tue,566,1,7,2,failure,-3.4,92.649,-30.1,0.72,5017.5,Maduro,1,0.7808723648057612
39,management,single,university.degree,no,yes,no,cellular,nov,fri,239,2,3,2,success,-3.4,92.649,-30.1,0.714,5017.5,Adulto,1,0.6614323230460747
73,retired,married,basic.4y,no,no,no,cellular,aug,fri,453,1,999,0,nonexistent,-2.9,92.201,-31.4,0.881,5076.2,Senior,1,0.6163905045341624
29,admin.,single,university.degree,no,no,no,cellular,jul,wed,873,2,999,0,nonexistent,1.4,93.918,-42.7,4.957,5228.1,Joven,1,0.5007237435884404
21,student,single,basic.9y,no,unknown,unknown,cellular,sep,tue,875,1,999,0,nonexistent,-3.4,92.379,-29.8,0.77,5017.5,Joven,1,0.9417768928717372
29,admin.,single,high.school,no,yes,no,cellular,oct,fri,292,1,6,1,success,-3.4,92.431,-26.9,0.73,5017.5,Joven,1,0.7977384234681353
52,retired,divorced,university.degree,no,yes,yes,cellular,aug,thu,155,2,4,1,success,-2.9,92.201,-31.4,0.883,5076.2,Maduro,1,0.5854643382921751
65,retired,married,professional.course,no,yes,no,cellular,aug,tue,261,1,6,3,success,-1.7,94.027,-38.3,0.904,4991.6,Senior,1,0.908150887666245
63,retired,married,basic.4y,no,no,no,cellular,jul,fri,273,1,999,0,nonexistent,-1.7,94.215,-40.3,0.896,4991.6,Senior,1,0.6382396264503662
58,admin.,married,high.school,no,no,no,cellular,sep,thu,337,1,6,1,success,-1.1,94.199,-37.5,0.878,4963.6,Maduro,1,0.7263892659058476
27,admin.,single,unknown,no,no,no,cellular,mar,mon,291,1,999,3,failure,-1.8,93.369,-34.8,0.639,5008.7,Joven,1,0.5180104559508788
57,services,divorced,high.school,no,yes,yes,telephone,may,fri,1193,5,999,0,nonexistent,1.1,93.994,-36.4,4.859,5191.0,Maduro,1,0.5372285703800274
31,admin.,single,university.degree,no,yes,no,cellular,jul,fri,815,2,13,2,success,-1.7,94.215,-40.3,0.861,4991.6,Adulto,1,0.9843531007756906
74,retired,divorced,university.degree,no,yes,no,cellular,may,tue,387,1,999,0,nonexistent,-1.8,93.876,-40.0,0.688,5008.7,Senior,1,0.5315848883634556
27,admin.,single,unknown,no,no,no,cellular,mar,tue,128,1,3,1,success,-1.8,93.369,-34.8,0.637,5008.7,Joven,1,0.8236932893030091
26,unemployed,single,university.degree,no,yes,no,cellular,apr,thu,618,1,999,0,nonexistent,-1.8,93.749,-34.6,0.64,5008.7,Joven,1,0.767023727018325
36,unemployed,married,professional.course,no,yes,no,cellular,apr,thu,835,7,999,0,nonexistent,-1.8,93.749,-34.6,0.659,5008.7,Adulto,1,0.8416906154792888
38,self-employed,married,professional.course,no,yes,no,cellular,apr,thu,779,2,999,0,nonexistent,-1.8,93.075,-47.1,1.365,5099.1,Adulto,1,0.6354460457965686
66,admin.,married,university.degree,no,no,no,cellular,aug,mon,489,2,4,1,success,-2.9,92.201,-31.4,0.884,5076.2,Senior,1,0.8854444514783899
65,retired,single,university.degree,no,no,no,cellular,nov,thu,88,2,3,2,success,-3.4,92.649,-30.1,0.714,5017.5,Senior,1,0.6276318048547458
41,entrepreneur,married,university.degree,no,yes,no,cellular,aug,thu,324,1,999,0,nonexistent,-1.7,94.027,-38.3,0.904,4991.6,Adulto,1,0.6569780376101755
30,self-employed,married,university.degree,no,yes,no,telephone,mar,mon,577,7,999,0,nonexistent,-1.8,93.369,-34.8,0.646,5008.7,Joven,1,0.7402324849928806
39,admin.,married,university.degree,no,yes,yes,cellular,aug,fri,343,2,14,1,success,-2.9,92.201,-31.4,0.849,5076.2,Adulto,1,0.7307609496899807
31,services,married,basic.6y,no,no,no,telephone,may,thu,2087,2,999,0,nonexistent,1.1,93.994,-36.4,4.855,5191.0,Adulto,1,0.9910307723608562
35,admin.,married,university.degree,no,no,no,cellular,jul,mon,768,2,3,4,success,-1.7,94.215,-40.3,0.889,4991.6,Adulto,1,0.9746236036090736
32,admin.,married,university.degree,no,no,no,cellular,may,thu,1030,1,6,1,success,-1.8,92.893,-46.2,1.327,5099.1,Adulto,1,0.9328778314593879
42,management,married,university.degree,unknown,no,no,cellular,apr,fri,981,2,999,0,nonexistent,-1.8,93.075,-47.1,1.405,5099.1,Adulto,1,0.8058529894612346
36,admin.,married,university.degree,no,yes,no,cellular,apr,thu,483,1,0,1,success,-1.8,93.075,-47.1,1.365,5099.1,Adulto,1,0.7089801923143249
51,services,married,high.school,no,yes,no,cellular,sep,tue,208,1,3,1,success,-3.4,92.379,-29.8,0.77,5017.5,Maduro,1,0.6919529508744497
18,student,single,basic.9y,no,yes,no,cellular,aug,tue,642,1,999,0,nonexistent,-2.9,92.201,-31.4,0.884,5076.2,Joven,1,0.7737911829855029
20,student,single,university.degree,no,yes,no,cellular,jul,fri,1503,11,999,0,nonexistent,1.4,93.918,-42.7,4.957,5228.1,Joven,1,0.9381959687012403
31,student,single,high.school,no,yes,no,cellular,apr,fri,756,3,999,0,nonexistent,-1.8,93.075,-47.1,1.405,5099.1,Adulto,1,0.6668191527849318
39,entrepreneur,married,professional.course,no,yes,no,cellular,nov,thu,997,2,999,0,nonexistent,-0.1,93.2,-42.0,4.076,5195.8,Adulto,1,0.5003671579738055
30,student,single,unknown,no,yes,no,cellular,mar,thu,292,1,999,0,nonexistent,-1.8,93.369,-34.8,0.635,5008.7,Joven,1,0.7242592974496286
28,admin.,single,university.degree,no,no,no,cellular,aug,fri,262,1,4,2,success,-2.9,92.201,-31.4,0.881,5076.2,Joven,1,0.7109069744691635
21,student,single,high.school,no,yes,no,cellular,aug,tue,263,3,9,2,success,-1.7,94.027,-38.3,0.899,4991.6,Joven,1,0.8951456034648699
31,technician,divorced,university.degree,no,no,no,cellular,may,wed,175,3,7,3,success,-1.8,93.876,-40.0,0.697,5008.7,Adulto,1,0.5071879385591306
29,services,married,basic.9y,no,yes,no,cellular,jul,fri,1389,2,999,0,nonexistent,1.4,93.918,-42.7,4.963,5228.1,Joven,1,0.8750896802418142
62,retired,married,university.degree,unknown,yes,yes,cellular,aug,thu,791,2,999,0,nonexistent,-2.9,92.201,-31.4,0.873,5076.2,Senior,1,0.8695435642195646
60,retired,married,professional.course,no,yes,yes,cellular,jul,thu,95,4,6,2,success,-1.7,94.215,-40.3,0.899,4991.6,Maduro,1,0.6722896328583754
47,admin.,divorced,high.school,no,yes,no,telephone,jun,thu,1224,1,999,0,nonexistent,1.4,94.465,-41.8,4.961,5228.1,Maduro,1,0.7554929292102796
34,admin.,single,high.school,no,yes,no,cellular,may,wed,653,1,11,1,success,-1.8,92.893,-46.2,1.334,5099.1,Adulto,1,0.6925287676635042
31,admin.,married,university.degree,no,yes,no,cellular,may,wed,954,2,10,1,success,-1.8,92.893,-46.2,1.281,5099.1,Adulto,1,0.9132610993964706
30,admin.,married,university.degree,no,yes,yes,cellular,apr,thu,739,2,999,0,nonexistent,-1.8,93.075,-47.1,1.483,5099.1,Joven,1,0.6969479410901174
32,admin.,single,high.school,no,no,no,cellular,apr,thu,1143,1,999,0,nonexistent,-1.8,93.075,-47.1,1.365,5099.1,Adulto,1,0.9181467596589546
56,technician,divorced,professional.course,no,no,no,cellular,oct,mon,464,1,3,2,success,-1.1,94.601,-49.5,1.0,4963.6,Maduro,1,0.8743327715300786
54,admin.,married,high.school,no,no,no,cellular,jun,fri,455,3,999,0,nonexistent,-2.9,92.963,-40.8,1.268,5076.2,Maduro,1,0.5621404411124346
27,technician,single,university.degree,no,no,yes,cellular,nov,wed,342,1,999,0,nonexistent,-3.4,92.649,-30.1,0.716,5017.5,Joven,1,0.5501385679774934
84,retired,divorced,unknown,unknown,no,no,cellular,sep,tue,333,1,3,2,success,-1.1,94.199,-37.5,0.877,4963.6,Senior,1,0.7453020023204079
34,admin.,single,university.degree,no,no,no,cellular,nov,thu,135,1,6,1,success,-3.4,92.649,-30.1,0.714,5017.5,Adulto,1,0.5836302563782807
51,technician,married,university.degree,no,yes,no,cellular,jun,tue,303,1,10,1,success,-1.7,94.055,-39.8,0.702,4991.6,Maduro,1,0.6954620121499123
46,technician,divorced,professional.course,unknown,no,no,cellular,may,mon,927,2,999,0,nonexistent,-1.8,92.893,-46.2,1.299,5099.1,Maduro,1,0.5536907667713561
66,retired,married,unknown,no,no,no,cellular,sep,tue,667,1,999,1,failure,-1.1,94.199,-37.5,0.881,4963.6,Senior,1,0.7633039127406558
34,technician,married,professional.course,no,yes,no,cellular,oct,wed,442,2,8,1,success,-3.4,92.431,-26.9,0.735,5017.5,Adulto,1,0.8826173327634381
56,admin.,married,university.degree,no,no,no,telephone,may,fri,1461,2,999,0,nonexistent,1.1,93.994,-36.4,4.855,5191.0,Maduro,1,0.8632833333982032
83,housemaid,divorced,basic.4y,no,yes,no,cellular,jul,tue,667,2,3,1,success,-1.7,94.215,-40.3,0.797,4991.6,Senior,1,0.9723112070938092
36,blue-collar,single,high.school,no,yes,yes,cellular,jun,wed,342,2,3,1,success,-1.7,94.055,-39.8,0.739,4991.6,Adulto,1,0.6504068054547344
33,admin.,single,university.degree,no,no,no,cellular,jun,fri,471,2,999,0,nonexistent,-2.9,92.963,-40.8,1.268,5076.2,Adulto,1,0.6062438877516283
26,unemployed,married,high.school,no,yes,no,cellular,jul,fri,474,7,999,0,nonexistent,-1.7,94.215,-40.3,0.822,4991.6,Joven,1,0.71841250579805
32,admin.,married,university.degree,no,no,no,cellular,jun,tue,596,1,999,0,nonexistent,-2.9,92.963,-40.8,1.262,5076.2,Adulto,1,0.7439609847012122
59,entrepreneur,divorced,high.school,unknown,yes,no,telephone,jun,thu,1268,2,999,0,nonexistent,1.4,94.465,-41.8,4.958,5228.1,Maduro,1,0.6930427253415498
67,admin.,married,basic.4y,unknown,no,no,cellular,oct,thu,299,2,2,2,success,-3.4,92.431,-26.9,0.722,5017.5,Senior,1,0.75013512213461
28,admin.,single,university.degree,no,no,no,cellular,oct,fri,317,2,999,0,nonexistent,-3.4,92.431,-26.9,0.739,5017.5,Joven,1,0.5374886352381337
28,services,single,basic.6y,no,no,no,cellular,jun,wed,385,2,4,1,success,-2.9,92.963,-40.8,1.26,5076.2,Joven,1,0.864000374089601
55,retired,married,high.school,no,no,no,cellular,apr,fri,401,1,8,1,success,-1.8,93.075,-47.1,1.405,5099.1,Maduro,1,0.6471623155967124
64,unemployed,married,basic.4y,no,yes,no,cellular,nov,thu,427,1,999,0,nonexistent,-3.4,92.649,-30.1,0.714,5017.5,Senior,1,0.5912665607253972
46,technician,married,basic.9y,no,yes,no,telephone,may,fri,1135,2,999,0,nonexistent,1.1,93.994,-36.4,4.859,5191.0,Maduro,1,0.509769496992372
26,student,single,basic.9y,no,yes,no,cellular,mar,mon,1447,2,999,0,nonexistent,-1.8,92.843,-50.0,1.811,5099.1,Joven,1,0.9962123941256198
50,technician,married,professional.course,no,yes,no,cellular,nov,tue,1978,1,999,0,nonexistent,-0.1,93.2,-42.0,4.153,5195.8,Maduro,1,0.9933752935439611
30,technician,single,professional.course,no,yes,no,cellular,sep,fri,789,2,999,0,nonexistent,-1.1,94.199,-37.5,0.883,4963.6,Joven,1,0.8631412020010355
75,retired,married,basic.4y,no,no,yes,cellular,aug,fri,714,1,999,0,nonexistent,-2.9,92.201,-31.4,0.881,5076.2,Senior,1,0.8419949629961552
85,retired,single,professional.course,no,no,no,cellular,mar,fri,116,7,7,2,success,-1.8,93.369,-34.8,0.653,5008.7,Senior,1,0.7939072506491373
55,blue-collar,married,basic.4y,unknown,no,no,telephone,may,wed,1581,2,999,0,nonexistent,1.1,93.994,-36.4,4.856,5191.0,Maduro,1,0.864485482059658
34,admin.,single,university.degree,no,yes,no,cellular,mar,tue,265,2,999,0,nonexistent,-1.8,93.369,-34.8,0.652,5008.7,Adulto,1,0.6135624177966397
36,management,divorced,university.degree,no,yes,no,cellular,sep,tue,337,1,6,1,success,-1.1,94.199,-37.5,0.881,4963.6,Adulto,1,0.7330819873244646
30,admin.,single,university.degree,no,no,no,cellular,apr,thu,662,1,999,0,nonexistent,-1.8,93.075,-47.1,1.365,5099.1,Joven,1,0.6251622516503916
47,blue-collar,married,basic.4y,unknown,no,no,cellular,may,mon,1001,4,999,0,nonexistent,-1.8,92.893,-46.2,1.299,5099.1,Maduro,1,0.5472723513779647
27,student,single,basic.9y,no,yes,no,cellular,aug,wed,111,1,999,0,nonexistent,-1.7,94.027,-38.3,0.9,4991.6,Joven,1,0.5234229800763412
49,blue-collar,married,basic.9y,no,yes,no,cellular,apr,fri,832,2,999,0,nonexistent,-1.8,93.075,-47.1,1.405,5099.1,Maduro,1,0.6660589861403156
41,technician,married,professional.course,no,no,no,cellular,aug,tue,1476,2,999,0,nonexistent,1.4,93.444,-36.1,4.966,5228.1,Adulto,1,0.9021561449024341
60,blue-collar,married,basic.4y,no,yes,no,cellular,may,mon,272,2,6,2,success,-1.8,93.876,-40.0,0.685,5008.7,Maduro,1,0.5011563160002551
48,blue-collar,married,basic.9y,no,yes,no,cellular,may,tue,268,1,3,3,success,-1.8,93.876,-40.0,0.668,5008.7,Maduro,1,0.5059219751149745
49,technician,divorced,professional.course,no,yes,no,cellular,mar,tue,361,2,999,1,failure,-1.8,93.369,-34.8,0.635,5008.7,Maduro,1,0.6117912042986292
24,student,single,university.degree,no,no,no,telephone,may,thu,908,2,999,0,nonexistent,-1.8,92.893,-46.2,1.327,5099.1,Joven,1,0.5670348911070338
38,blue-collar,single,high.school,no,yes,no,cellular,sep,wed,263,1,6,3,success,-1.1,94.199,-37.5,0.879,4963.6,Adulto,1,0.5744094759439732
54,management,married,university.degree,no,no,yes,cellular,aug,wed,990,1,999,0,nonexistent,1.4,93.444,-36.1,4.965,5228.1,Maduro,1,0.552862350845568
60,admin.,married,university.degree,no,yes,no,cellular,mar,fri,558,1,999,0,nonexistent,-1.8,92.843,-50.0,1.531,5099.1,Maduro,1,0.7907119262831487
38,admin.,divorced,basic.6y,unknown,yes,no,cellular,apr,thu,926,1,999,1,failure,-1.8,93.075,-47.1,1.483,5099.1,Adulto,1,0.6949933458708105
34,admin.,single,university.degree,no,yes,yes,cellular,mar,tue,295,1,999,0,nonexistent,-1.8,93.369,-34.8,0.652,5008.7,Adulto,1,0.647125601558877
36,management,married,university.degree,no,no,no,cellular,mar,thu,709,2,999,0,nonexistent,-1.8,92.843,-50.0,1.538,5099.1,Adulto,1,0.8701452529932383
35,blue-collar,divorced,unknown,no,yes,no,cellular,jul,tue,1029,3,999,0,nonexistent,1.4,93.918,-42.7,4.961,5228.1,Adulto,1,0.51404781325558
28,admin.,divorced,university.degree,no,yes,no,cellular,may,thu,1148,1,999,0,nonexistent,-1.8,92.893,-46.2,1.327,5099.1,Joven,1,0.8722717930198556
39,self-employed,divorced,high.school,no,no,no,cellular,sep,tue,261,1,3,1,success,-3.4,92.379,-29.8,0.788,5017.5,Adulto,1,0.7129025559253824
37,technician,married,professional.course,no,no,no,cellular,apr,thu,277,1,18,1,success,-1.8,93.749,-34.6,0.659,5008.7,Adulto,1,0.6873275811290047
60,admin.,married,unknown,no,yes,no,cellular,may,wed,762,1,6,2,success,-1.8,93.876,-40.0,0.682,5008.7,Maduro,1,0.9520425022136453
30,admin.,single,university.degree,no,yes,no,cellular,jul,tue,255,2,3,1,success,-1.7,94.215,-40.3,0.797,4991.6,Joven,1,0.8546689522595476
82,retired,divorced,basic.4y,no,yes,no,cellular,nov,tue,134,2,3,1,success,-3.4,92.649,-30.1,0.715,5017.5,Senior,1,0.6384836889268425
34,blue-collar,married,basic.9y,no,yes,no,cellular,jul,tue,1412,4,999,0,nonexistent,1.4,93.918,-42.7,4.961,5228.1,Adulto,1,0.8355482935787513
33,admin.,single,high.school,unknown,no,no,cellular,may,thu,1723,1,12,1,success,-1.8,92.893,-46.2,1.266,5099.1,Adulto,1,0.9956699213852861
32,admin.,married,university.degree,no,yes,no,telephone,jul,wed,2692,8,999,0,nonexistent,1.4,93.918,-42.7,4.963,5228.1,Adulto,1,0.9994506409985286
25,unemployed,married,high.school,no,yes,no,cellular,mar,wed,436,2,6,1,success,-1.8,93.369,-34.8,0.651,5008.7,Joven,1,0.9484149750280282
35,technician,single,professional.course,no,yes,no,cellular,jun,tue,187,1,6,2,success,-1.7,94.055,-39.8,0.713,4991.6,Adulto,1,0.5035978848940654
30,admin.,single,university.degree,no,yes,no,cellular,jun,thu,106,1,3,2,success,-2.9,92.963,-40.8,1.26,5076.2,Joven,1,0.5821772898396642
32,blue-collar,married,basic.4y,no,no,no,cellular,sep,wed,830,2,999,0,nonexistent,-1.1,94.199,-37.5,0.88,4963.6,Adulto,1,0.8384181059963878
50,blue-collar,married,basic.6y,unknown,no,no,telephone,may,tue,1446,1,999,0,nonexistent,1.1,93.994,-36.4,4.856,5191.0,Maduro,1,0.7991444744369625
44,entrepreneur,married,basic.4y,unknown,no,no,telephone,may,wed,1574,2,999,0,nonexistent,1.1,93.994,-36.4,4.856,5191.0,Adulto,1,0.8543241857479077
29,student,single,professional.course,no,no,no,cellular,nov,thu,227,3,3,2,success,-3.4,92.649,-30.1,0.714,5017.5,Joven,1,0.7211903369497171
40,unemployed,single,basic.4y,no,no,no,cellular,jun,tue,459,2,999,0,nonexistent,-2.9,92.963,-40.8,1.252,5076.2,Adulto,1,0.5219964315820377
39,services,married,unknown,unknown,yes,yes,cellular,jul,wed,1201,6,999,0,nonexistent,1.4,93.918,-42.7,4.963,5228.1,Adulto,1,0.6627942640701809
18,student,single,basic.6y,no,no,yes,cellular,oct,fri,368,2,999,0,nonexistent,-3.4,92.431,-26.9,0.72,5017.5,Joven,1,0.650239374253838
42,services,married,university.degree,no,no,no,cellular,apr,mon,890,2,999,0,nonexistent,-1.8,93.075,-47.1,1.405,5099.1,Adulto,1,0.75221905456737
18,student,single,unknown,no,yes,no,cellular,may,thu,183,1,7,2,success,-1.8,93.876,-40.0,0.677,5008.7,Joven,1,0.6125113252889676
55,admin.,divorced,high.school,no,yes,no,cellular,aug,tue,244,2,6,3,success,-1.7,94.027,-38.3,0.904,4991.6,Maduro,1,0.8393006562256733
37,services,married,high.school,no,no,no,cellular,nov,wed,516,2,999,1,failure,-3.4,92.649,-30.1,0.715,5017.5,Adulto,1,0.5147590999334202
48,housemaid,married,high.school,no,no,no,cellular,jun,tue,399,1,999,0,nonexistent,-2.9,92.963,-40.8,1.252,5076.2,Maduro,1,0.5014399151819686
39,technician,divorced,professional.course,no,yes,no,cellular,aug,tue,1134,1,999,0,nonexistent,1.4,93.444,-36.1,4.968,5228.1,Adulto,1,0.6488145553983912
34,technician,married,university.degree,no,no,no,cellular,apr,fri,772,1,999,0,nonexistent,-1.8,93.075,-47.1,1.405,5099.1,Adulto,1,0.6959559420258146
31,services,married,high.school,no,yes,no,cellular,jun,wed,591,2,999,0,nonexistent,-2.9,92.963,-40.8,1.26,5076.2,Adulto,1,0.7075001741981874
47,housemaid,married,basic.4y,no,no,no,cellular,apr,tue,645,2,999,0,nonexistent,-1.8,93.075,-47.1,1.405,5099.1,Maduro,1,0.513085758638295
34,admin.,single,university.degree,no,yes,no,cellular,aug,wed,1038,1,999,0,nonexistent,1.4,93.444,-36.1,4.965,5228.1,Adulto,1,0.5995307807950115
73,retired,married,unknown,no,yes,no,telephone,mar,mon,659,1,999,0,nonexistent,-1.8,93.369,-34.8,0.652,5008.7,Senior,1,0.8818877052948758
59,retired,married,high.school,no,yes,no,cellular,jul,fri,1448,17,999,0,nonexistent,1.4,93.918,-42.7,4.962,5228.1,Maduro,1,0.8635105153372948
56,blue-collar,divorced,basic.9y,no,yes,no,cellular,nov,wed,1265,3,999,0,nonexistent,-0.1,93.2,-42.0,4.12,5195.8,Maduro,1,0.7745563646861585
29,admin.,single,university.degree,no,yes,no,cellular,mar,mon,361,1,3,3,success,-1.8,93.369,-34.8,0.646,5008.7,Joven,1,0.9154876462922116
28,management,single,university.degree,no,yes,no,cellular,jun,thu,339,3,6,2,success,-1.7,94.055,-39.8,0.729,4991.6,Joven,1,0.7205893835551522
25,admin.,single,high.school,no,yes,no,cellular,may,thu,888,3,999,0,nonexistent,-1.8,92.893,-46.2,1.266,5099.1,Joven,1,0.6119669655476799
37,admin.,married,professional.course,no,yes,no,cellular,apr,thu,1087,2,999,1,failure,-1.8,93.075,-47.1,1.41,5099.1,Adulto,1,0.8456433203508285
41,admin.,married,university.degree,no,no,no,telephone,nov,tue,234,2,3,1,success,-3.4,92.649,-30.1,0.715,5017.5,Adulto,1,0.5208972802976154
64,retired,married,professional.course,no,no,no,cellular,aug,tue,482,1,999,0,nonexistent,-1.7,94.027,-38.3,0.899,4991.6,Senior,1,0.8849562658065065
63,retired,married,professional.course,no,yes,no,cellular,may,mon,492,1,999,0,nonexistent,-1.8,93.876,-40.0,0.685,5008.7,Senior,1,0.6138329636197961
19,student,single,unknown,no,no,no,cellular,nov,mon,132,2,3,2,success,-3.4,92.649,-30.1,0.714,5017.5,Joven,1,0.6222619702232803
44,admin.,divorced,high.school,no,no,no,cellular,oct,thu,634,1,999,0,nonexistent,-3.4,92.431,-26.9,0.74,5017.5,Adulto,1,0.7748006349623516
48,admin.,divorced,basic.9y,no,no,no,cellular,jul,tue,1424,4,999,0,nonexistent,1.4,93.918,-42.7,4.961,5228.1,Maduro,1,0.8816405974691531
56,retired,married,professional.course,no,yes,no,cellular,jul,wed,1066,2,999,0,nonexistent,1.4,93.918,-42.7,4.963,5228.1,Maduro,1,0.6907095114975388
30,student,single,professional.course,no,yes,no,cellular,sep,mon,1616,4,19,1,success,-1.1,94.199,-37.5,0.879,4963.6,Joven,1,0.9992647507993376
47,management,married,basic.9y,no,yes,no,cellular,nov,tue,709,2,999,0,nonexistent,-3.4,92.649,-30.1,0.715,5017.5,Maduro,1,0.7967760062697036
33,admin.,married,university.degree,no,yes,no,cellular,jun,tue,690,1,999,0,nonexistent,-2.9,92.963,-40.8,1.262,5076.2,Adulto,1,0.8169975581572486
34,admin.,single,high.school,no,no,no,cellular,mar,tue,469,1,6,2,success,-1.8,93.369,-34.8,0.652,5008.7,Adulto,1,0.9386423901445184
28,unemployed,single,basic.4y,no,yes,no,cellular,oct,fri,160,2,4,1,success,-3.4,92.431,-26.9,0.752,5017.5,Joven,1,0.6496602059048402
69,retired,married,high.school,no,yes,yes,cellular,sep,wed,840,1,6,2,success,-1.1,94.199,-37.5,0.886,4963.6,Senior,1,0.9786518216552176
23,services,single,high.school,no,no,no,cellular,jul,thu,1097,3,999,0,nonexistent,1.4,93.918,-42.7,4.963,5228.1,Joven,1,0.6588902411044332
60,retired,married,basic.4y,no,yes,no,cellular,oct,mon,1020,1,999,0,nonexistent,-3.4,92.431,-26.9,0.739,5017.5,Maduro,1,0.9594130133431759
33,technician,single,university.degree,no,yes,no,cellular,mar,tue,325,1,999,0,nonexistent,-1.8,92.843,-50.0,1.614,5099.1,Adulto,1,0.5461905210686415
24,technician,single,high.school,no,yes,no,cellular,may,mon,841,4,999,0,nonexistent,-1.8,92.893,-46.2,1.354,5099.1,Joven,1,0.5291079414332963
35,technician,married,unknown,unknown,no,no,telephone,may,thu,1224,2,999,0,nonexistent,1.1,93.994,-36.4,4.86,5191.0,Adulto,1,0.5656337186048189
47,entrepreneur,married,unknown,unknown,no,no,telephone,jun,fri,1072,2,999,0,nonexistent,1.4,94.465,-41.8,4.967,5228.1,Maduro,1,0.5205483964018645
48,admin.,divorced,university.degree,no,no,no,cellular,may,tue,1062,3,999,0,nonexistent,-1.8,92.893,-46.2,1.291,5099.1,Maduro,1,0.7907641133890679
25,technician,married,professional.course,no,no,no,cellular,jun,wed,595,3,999,1,failure,-2.9,92.963,-40.8,1.26,5076.2,Joven,1,0.6921136618121781
38,services,married,high.school,no,yes,no,cellular,mar,thu,257,1,999,0,nonexistent,-1.8,93.369,-34.8,0.65,5008.7,Adulto,1,0.5454603768776518
56,retired,married,professional.course,no,no,no,cellular,oct,thu,133,1,3,1,success,-3.4,92.431,-26.9,0.733,5017.5,Maduro,1,0.6610231111111496
25,admin.,married,university.degree,no,yes,no,cellular,mar,fri,294,1,999,0,nonexistent,-1.8,92.843,-50.0,1.531,5099.1,Joven,1,0.5634210054034055
39,entrepreneur,married,professional.course,no,no,no,telephone,sep,wed,511,3,6,1,success,-1.1,94.199,-37.5,0.876,4963.6,Adulto,1,0.73838120197032
33,services,single,university.degree,no,yes,no,cellular,oct,mon,252,2,3,2,success,-1.1,94.601,-49.5,0.977,4963.6,Adulto,1,0.6897287010173238
38,technician,married,professional.course,unknown,no,no,cellular,nov,wed,1049,1,999,0,nonexistent,-0.1,93.2,-42.0,4.12,5195.8,Adulto,1,0.5750756858602595
44,technician,single,professional.course,no,no,no,cellular,apr,wed,609,1,999,0,nonexistent,-1.8,93.075,-47.1,1.415,5099.1,Adulto,1,0.5189162498588844
32,admin.,married,university.degree,no,no,yes,telephone,may,fri,1692,2,999,0,nonexistent,1.1,93.994,-36.4,4.855,5191.0,Adulto,1,0.9442294701442013
33,self-employed,single,university.degree,no,yes,no,cellular,mar,mon,265,2,999,0,nonexistent,-1.8,93.369,-34.8,0.652,5008.7,Adulto,1,0.5511404369699284
35,unemployed,married,high.school,no,yes,no,cellular,aug,mon,362,1,6,1,success,-1.7,94.027,-38.3,0.904,4991.6,Adulto,1,0.8938738742464183
56,self-employed,married,university.degree,no,no,no,cellular,jun,thu,754,3,999,0,nonexistent,-2.9,92.963,-40.8,1.235,5076.2,Maduro,1,0.8405056302932201
56,unemployed,divorced,basic.4y,no,no,no,cellular,mar,wed,577,1,999,0,nonexistent,-1.8,93.369,-34.8,0.634,5008.7,Maduro,1,0.8741081573603244
35,admin.,married,university.degree,no,no,no,cellular,dec,tue,554,1,999,0,nonexistent,-3.0,92.713,-33.0,0.707,5023.5,Adulto,1,0.7449542812554003
41,blue-collar,single,basic.6y,no,yes,no,cellular,jul,wed,1056,2,999,0,nonexistent,1.4,93.918,-42.7,4.957,5228.1,Adulto,1,0.6105153879959838
84,retired,married,high.school,no,no,no,cellular,dec,tue,351,1,999,0,nonexistent,-3.0,92.713,-33.0,0.715,5023.5,Senior,1,0.6017663962630665
26,admin.,married,high.school,no,yes,no,cellular,nov,fri,338,1,7,1,success,-3.4,92.649,-30.1,0.714,5017.5,Joven,1,0.8015775350147736
41,admin.,single,university.degree,no,no,no,cellular,jul,fri,1180,2,999,0,nonexistent,1.4,93.918,-42.7,4.963,5228.1,Adulto,1,0.7440754214393637
64,admin.,married,high.school,no,no,no,cellular,jul,thu,368,1,999,0,nonexistent,-1.7,94.215,-40.3,0.884,4991.6,Senior,1,0.7100843423058987
28,admin.,single,university.degree,no,yes,yes,cellular,aug,tue,187,2,6,2,success,-1.7,94.027,-38.3,0.899,4991.6,Joven,1,0.851492375297777
37,admin.,married,university.degree,no,yes,no,cellular,sep,wed,729,1,999,1,failure,-1.1,94.199,-37.5,0.886,4963.6,Adulto,1,0.7500975896438784
26,admin.,single,high.school,no,no,no,telephone,oct,fri,257,2,4,1,success,-3.4,92.431,-26.9,0.73,5017.5,Joven,1,0.6249959742736892
50,entrepreneur,married,high.school,no,yes,yes,cellular,may,fri,1326,6,999,1,failure,-1.8,92.893,-46.2,1.25,5099.1,Maduro,1,0.838536761482008
24,services,single,high.school,no,yes,no,cellular,apr,tue,1594,1,999,1,failure,-1.8,93.075,-47.1,1.423,5099.1,Joven,1,0.9863072548439659
45,services,divorced,basic.4y,no,no,yes,cellular,apr,thu,1579,1,999,1,failure,-1.8,93.075,-47.1,1.41,5099.1,Adulto,1,0.9786294599030506
37,admin.,divorced,high.school,no,yes,no,cellular,apr,fri,1311,2,999,0,nonexistent,-1.8,93.075,-47.1,1.405,5099.1,Adulto,1,0.9595399967919876
48,blue-collar,married,basic.6y,no,yes,no,cellular,may,tue,862,3,999,0,nonexistent,-1.8,92.893,-46.2,1.344,5099.1,Maduro,1,0.5613932183416149
39,technician,married,university.degree,no,no,no,cellular,oct,fri,170,1,6,1,success,-3.4,92.431,-26.9,0.739,5017.5,Adulto,1,0.6695790840146488
43,entrepreneur,married,university.degree,no,no,no,cellular,sep,mon,255,1,3,1,success,-1.1,94.199,-37.5,0.882,4963.6,Adulto,1,0.5958402938803572
